CREATE DATABASE IF NOT EXISTS SIGH;
USE SIGH;

CREATE TABLE IF NOT EXISTS Departamentos (
	codigo_departamento INT PRIMARY KEY AUTO_INCREMENT,
	nome VARCHAR(100) NOT NULL
);
INSERT INTO Departamentos (nome) VALUES
('Clínica Geral'), ('Pediatria'), ('Cardiologia'), ('Dermatologia'), ('Gastroenterologia'), ('Ortopedia'),
('Oftalmologia'), ('Neurologia'), ('Psiquiatria'), ('Endocrinologia'), ('Oncologia'), ('Urologia'),
('Ginecologia e Obstetrícia'), ('Fisioterapia'), ('Nutrição'), ('Radiologia'), ('Anestesiologia'),
('Pneumologia'), ('Infectologia'), ('Reumatologia');

CREATE TABLE IF NOT EXISTS Medicos (
	codigo_medico INT PRIMARY KEY AUTO_INCREMENT,
	crm VARCHAR(20) UNIQUE NOT NULL,
	nome_completo VARCHAR(255) NOT NULL,
	especialidade VARCHAR(100),
	codigo_departamento INT,
	FOREIGN KEY (codigo_departamento) REFERENCES Departamentos(codigo_departamento) ON DELETE NO ACTION
);
INSERT INTO Medicos (crm, nome_completo, especialidade, codigo_departamento) VALUES
('CRM/PE 123456', 'Dr. Carlos Souza', 'Clínico Geral', 1),
('CRM/PE 654321', 'Dra. Fernanda Lima', 'Pediatra', 2),
('CRM/PE 987654', 'Dr. Roberto Mota', 'Cardiologista', 3),
('CRM/PE 112233', 'Dra. Sofia Martins', 'Dermatologista', 4),
('CRM/PE 445566', 'Dr. Lucas Pereira', 'Gastroenterologista', 5),
('CRM/PE 778899', 'Dra. Ana Costa', 'Ortopedista', 6),
('CRM/PE 998877', 'Dr. Paulo Alves', 'Oftalmologista', 7),
('CRM/PE 665544', 'Dra. Isabela Mendes', 'Neurologista', 8),
('CRM/PE 332211', 'Dr. Felipe Santos', 'Psiquiatra', 9),
('CRM/PE 121212', 'Dra. Juliana Rocha', 'Endocrinologista', 10),
('CRM/PE 232323', 'Dr. Gabriel Neves', 'Oncologista', 11),
('CRM/PE 343434', 'Dra. Livia Teixeira', 'Urologista', 12),
('CRM/PE 454545', 'Dr. Hugo Dias', 'Ginecologista e Obstetra', 13),
('CRM/PE 565656', 'Dra. Marcia Ferreira', 'Fisioterapeuta', 14),
('CRM/PE 676767', 'Dr. André Gomes', 'Nutricionista', 15),
('CRM/PE 787878', 'Dra. Beatriz Barbosa', 'Radiologista', 16),
('CRM/PE 898989', 'Dr. Sergio Costa', 'Anestesiologista', 17),
('CRM/PE 909090', 'Dra. Clara Silveira', 'Pneumologista', 18),
('CRM/PE 010101', 'Dr. Rodrigo Oliveira', 'Infectologista', 19),
('CRM/PE 102030', 'Dra. Camila Soares', 'Reumatologista', 20);


CREATE TABLE IF NOT EXISTS Pacientes (
	codigo_paciente INT PRIMARY KEY AUTO_INCREMENT,
	cpf VARCHAR(14) UNIQUE NOT NULL,
	nome_completo VARCHAR(255) NOT NULL,
	data_nascimento DATE,
	endereco VARCHAR(255),
	telefone VARCHAR(20),
	tipo_convenio VARCHAR(50),
	codigo_medico_responsavel INT,
	FOREIGN KEY (codigo_medico_responsavel) REFERENCES Medicos(codigo_medico) ON DELETE SET NULL
);
INSERT INTO Pacientes (cpf, nome_completo, data_nascimento, endereco, telefone, tipo_convenio, codigo_medico_responsavel) VALUES
('111.111.111-01', 'Ana Silva Oliveira', '1990-01-15', 'Rua da Aurora, 101, Recife', '99111-1111', 'Plano Premium', 1),
('111.111.111-02', 'João Santos Lima', '1985-05-20', 'Av. Boa Viagem, 202, Recife', '99222-2222', 'SUS', 2),
('111.111.111-03', 'Maria Oliveira Souza', '1978-11-10', 'Rua do Bom Jesus, 303, Recife', '99333-3333', 'Plano Básico', 3),
('111.111.111-04', 'Pedro Costa Almeida', '1995-03-25', 'Av. Conselheiro Aguiar, 404, Recife', '99444-4444', 'Plano Premium', 4),
('111.111.111-05', 'Carla Ferreira Rocha', '2000-07-07', 'Rua da Moeda, 505, Recife', '99555-5555', 'SUS', 5),
('111.111.111-06', 'Lucas Pereira Gomes', '1982-09-12', 'Av. Beberibe, 606, Recife', '99666-6666', 'Plano Premium', 6),
('111.111.111-07', 'Juliana Rodrigues Mendes', '1975-02-18', 'Rua do Amparo, 707, Olinda', '99777-7777', 'Plano Básico', 7),
('111.111.111-08', 'Rafael Alves Barbosa', '1998-12-03', 'Rua 15 de Novembro, 808, Olinda', '99888-8888', 'SUS', 8),
('111.111.111-09', 'Fernanda Martins Teixeira', '1989-08-08', 'Rua do Sol, 909, Olinda', '99999-9999', 'Plano Premium', 9),
('111.111.111-10', 'Gabriel Neves Pereira', '1970-04-01', 'Rua Sete de Setembro, 1010, Olinda', '98111-1111', 'Plano Básico', 10),
('111.111.111-11', 'Camila Souza Ferreira', '1993-06-22', 'Rua de São Bento, 1111, Olinda', '98222-2222', 'Plano Premium', 11),
('111.111.111-12', 'Daniel Costa Gomes', '1987-10-30', 'Av. Ayrton Senna, 1212, Olinda', '98333-3333', 'SUS', 12),
('111.111.111-13', 'Beatriz Rocha Lima', '1972-03-05', 'Av. Bernardo Vieira de Melo, 1313, Jaboatão', '98444-4444', 'Plano Básico', 13),
('111.111.111-14', 'Rodrigo Almeida Silva', '1996-09-17', 'Av. Candeias, 1414, Jaboatão', '98555-5555', 'Plano Premium', 14),
('111.111.111-15', 'Amanda Martins Oliveira', '1980-11-28', 'Rua Doutor José Cândido Pessoa, 1515, Olinda', '98666-6666', 'SUS', 15),
('111.111.111-16', 'Gustavo Teixeira Costa', '1991-04-09', 'Rua Coronel João Ribeiro, 1616, Olinda', '98777-7777', 'Plano Básico', 16),
('111.111.111-17', 'Larissa Gomes Santos', '1976-06-14', 'Rua do Imperador Dom Pedro II, 1717, Recife', '98888-8888', 'Plano Premium', 17),
('111.111.111-18', 'Thiago Lima Ferreira', '1999-01-27', 'Rua do Hospício, 1818, Recife', '98999-9999', 'SUS', 18),
('111.111.111-19', 'Isabela Barbosa Alves', '1984-03-02', 'Rua da União, 1919, Recife', '97111-1111', 'Plano Básico', 19),
('111.111.111-20', 'Victor Mendes Rodrigues', '1974-05-23', 'Avenida Conde da Boa Vista, 2020, Recife', '97222-2222', 'Plano Premium', 20),
('111.111.111-21', 'Carolina Pereira Neves', '1994-08-05', 'Avenida Governador Agamenon Magalhães, 2121, Recife', '97333-3333', 'SUS', 1),
('111.111.111-22', 'Leonardo Teixeira Martins', '1983-10-19', 'Rua do Cacimbo, 2222, Olinda', '97444-4444', 'Plano Premium', 2),
('111.111.111-23', 'Sophia Costa Lima', '1979-12-01', 'Rua Padre Carapuceiro, 2323, Recife', '97555-5555', 'Plano Básico', 3),
('111.111.111-24', 'Felipe Santos Gomes', '1997-02-13', 'Rua da Soledade, 2424, Recife', '97666-6666', 'SUS', 4),
('111.111.111-25', 'Laura Oliveira Pereira', '1986-04-26', 'Av. Parnamirim, 2525, Recife', '97777-7777', 'Plano Premium', 5),
('111.111.111-26', 'Mateus Silva Rocha', '1971-06-08', 'Rua do Pombal, 2626, Olinda', '97888-8888', 'Plano Básico', 6),
('111.111.111-27', 'Helena Almeida Ferreira', '1992-09-29', 'Avenida Marechal Mascarenhas de Morais, 2727, Jaboatão', '97999-9999', 'SUS', 7),
('111.111.111-28', 'Diego Gomes Neves', '1988-11-04', 'Rua da Glória, 2828, Recife', '96111-1111', 'Plano Premium', 8),
('111.111.111-29', 'Bianca Teixeira Costa', '1973-01-16', 'Av. Presidente Kennedy, 2929, Olinda', '96222-2222', 'Plano Básico', 9),
('111.111.111-30', 'Artur Martins Santos', '1993-03-28', 'Rua da Alegria, 3030, Jaboatão', '96333-3333', 'SUS', 10),
('111.111.111-31', 'Julia Lima Pereira', '1981-05-09', 'Av. Quatro Cantos, 3131, Olinda', '96444-4444', 'Plano Premium', 11),
('111.111.111-32', 'Eduardo Rocha Almeida', '1977-07-21', 'Rua do Lima, 3232, Paulista', '96555-5555', 'Plano Básico', 12),
('111.111.111-33', 'Sofia Ferreira Lima', '1998-09-02', 'Rua do Bom Jardim, 3333, Jaboatão', '96666-6666', 'SUS', 13),
('111.111.111-34', 'Bernardo Silva Gomes', '1986-11-14', 'Rua do Futuro, 3434, Recife', '96777-7777', 'Plano Premium', 14),
('111.111.111-35', 'Manuela Oliveira Costa', '1975-01-26', 'Rua da Amizade, 3535, Paulista', '96888-8888', 'Plano Básico', 15),
('111.111.111-36', 'Henrique Pereira Rodrigues', '1995-03-08', 'Rua da Concórdia, 3636, Jaboatão', '96999-9999', 'SUS', 16),
('111.111.111-37', 'Clara Santos Neves', '1984-05-19', 'Rua do Progresso, 3737, Recife', '95111-1111', 'Plano Premium', 17),
('111.111.111-38', 'Vitor Almeida Lima', '1979-07-31', 'Rua da Felicidade, 3838, Olinda', '95222-2222', 'Plano Básico', 18),
('111.111.111-39', 'Larissa Gomes Ferreira', '1996-09-11', 'Av. Principal, 3939, Paulista', '95333-3333', 'SUS', 19),
('111.111.111-40', 'Eduarda Rocha Silva', '1980-11-23', 'Rua José de Alencar, 4040, Jaboatão', '95444-4444', 'Plano Premium', 20),
('111.111.111-41', 'Guilherme Martins Oliveira', '1973-01-05', 'Rua do Hospício, 4141, Recife', '95555-5555', 'Plano Básico', 1),
('111.111.111-42', 'Maria Eduarda Costa', '1994-03-17', 'Av. Caxangá, 4242, Recife', '95666-6666', 'SUS', 2),
('111.111.111-43', 'Theo Neves Teixeira', '1982-05-29', 'Rua do Rocio, 4343, Olinda', '95777-7777', 'Plano Premium', 3),
('111.111.111-44', 'Esther Pereira Santos', '1976-07-10', 'Rua Sete de Setembro, 4444, Olinda', '95888-8888', 'Plano Básico', 4),
('111.111.111-45', 'Murilo Lima Barbosa', '1991-09-21', 'Rua São Miguel, 4545, Olinda', '95999-9999', 'SUS', 5),
('111.111.111-46', 'Heloisa Ferreira Alves', '1988-11-03', 'Rua do Livramento, 4646, Recife', '94111-1111', 'Plano Premium', 6),
('111.111.111-47', 'Enzo Souza Rocha', '1970-01-15', 'Rua Cleto Campelo, 4747, Olinda', '94222-2222', 'Plano Básico', 7),
('111.111.111-48', 'Livia Costa Neves', '1997-03-27', 'Av. Brasil, 4848, Paulista', '94333-3333', 'SUS', 8),
('111.111.111-49', 'Benício Santos Martins', '1985-05-08', 'Av. da Liberdade, 4949, Jaboatão', '94444-4444', 'Plano Premium', 9),
('111.111.111-50', 'Sophia Gomes Silva', '1979-07-19', 'Rua do Comércio, 5050, Paulista', '94555-5555', 'Plano Básico', 10),
('111.111.111-51', 'Isadora Lima Faria', '1992-02-28', 'Rua Coronel Zezé, 5151, Recife', '93111-1111', 'SUS', 11),
('111.111.111-52', 'Carlos Eduardo Reis', '1983-04-09', 'Rua da Conceição, 5252, Olinda', '93222-2222', 'Plano Premium', 12),
('111.111.111-53', 'Marina Silva Prado', '1977-06-12', 'Rua Trinta e Três, 5353, Paulista', '93333-3333', 'Plano Básico', 13),
('111.111.111-54', 'Breno Rodrigues Pinto', '1999-08-25', 'Rua João Marques dos Anjos, 5454, Jaboatão', '93444-4444', 'SUS', 14),
('111.111.111-55', 'Lara Mendes Gomes', '1981-10-30', 'Rua do Rosário, 5555, Jaboatão', '93555-5555', 'Plano Premium', 15),
('111.111.111-56', 'Giovanni Costa Nogueira', '1975-12-01', 'Rua do Meio, 5656, Olinda', '93666-6666', 'Plano Básico', 16),
('111.111.111-57', 'Erick Oliveira Nunes', '1994-01-14', 'Rua do Cravo, 5757, Paulista', '93777-7777', 'SUS', 17),
('111.111.111-58', 'Joana Almeida Pires', '1986-03-20', 'Rua Doutor José de Lima, 5858, Olinda', '93888-8888', 'Plano Premium', 18),
('111.111.111-59', 'Davi Teixeira Gomes', '1970-05-05', 'Rua das Graças, 5959, Recife', '93999-9999', 'Plano Básico', 19),
('111.111.111-60', 'Monica Vasconcelos', '1996-07-18', 'Rua do Futuro, 6060, Paulista', '92111-1111', 'SUS', 20),
('111.111.111-61', 'Arthur Lopes Viana', '1988-09-29', 'Rua da Saudade, 6161, Jaboatão', '92222-2222', 'Plano Premium', 1),
('111.111.111-62', 'Brenda Rocha Soares', '1972-11-11', 'Rua da Harmonia, 6262, Recife', '92333-3333', 'Plano Básico', 2),
('111.111.111-63', 'Thiago Lima Ferreira', '1993-01-23', 'Rua do Bomfim, 6363, Olinda', '92444-4444', 'SUS', 3),
('111.111.111-64', 'Julio Cesar Barbosa', '1980-03-04', 'Rua Coronel Henrique Guimarães, 6464, Olinda', '92555-5555', 'Plano Premium', 4),
('111.111.111-65', 'Luiza Martins Silva', '1974-05-16', 'Rua do Limoeiro, 6565, Olinda', '92666-6666', 'Plano Básico', 5),
('111.111.111-66', 'Rafaela Gomes Neves', '1997-07-28', 'Rua da Alegria, 6666, Jaboatão', '92777-7777', 'SUS', 6),
('111.111.111-67', 'Henrique Pires Costa', '1986-09-09', 'Av. Domingos Ferreira, 6767, Recife', '92888-8888', 'Plano Premium', 7),
('111.111.111-68', 'Elias Teixeira Dias', '1979-11-21', 'Rua da Mangueira, 6868, Paulista', '92999-9999', 'Plano Básico', 8),
('111.111.111-69', 'Mirella Soares Pinho', '1998-01-03', 'Rua da Amargura, 6969, Olinda', '91111-1111', 'SUS', 9),
('111.111.111-70', 'Kevin Oliveira Ramos', '1985-03-15', 'Rua do Amparo, 7070, Olinda', '91222-2222', 'Plano Premium', 10),
('111.111.111-71', 'Evelyn Lopes Rocha', '1970-05-27', 'Rua da Harmonia, 7171, Jaboatão', '91333-3333', 'Plano Básico', 11),
('111.111.111-72', 'Ricardo Pereira Lima', '1994-07-08', 'Rua do Coqueiro, 7272, Paulista', '91444-4444', 'SUS', 12),
('111.111.111-73', 'Giovanna Ferreira Costa', '1982-09-19', 'Rua da Vitória, 7373, Jaboatão', '91555-5555', 'Plano Premium', 13),
('111.111.111-74', 'Leandro Borges Alves', '1976-11-30', 'Rua do Rosarinho, 7474, Recife', '91666-6666', 'Plano Básico', 14),
('111.111.111-75', 'Mariana Neves Prado', '1991-01-12', 'Rua do Alecrim, 7575, Olinda', '91777-7777', 'SUS', 15),
('111.111.111-76', 'Lucas Barbosa Lima', '1987-03-24', 'Rua da Soledade, 7676, Recife', '91888-8888', 'Plano Premium', 16),
('111.111.111-77', 'Beatriz Silva Alves', '1971-05-05', 'Rua do Bom Jesus, 7777, Recife', '91999-9999', 'Plano Básico', 17),
('111.111.111-78', 'Fabio Martins Souza', '1995-07-17', 'Rua Sete de Setembro, 7878, Jaboatão', '90111-1111', 'SUS', 18),
('111.111.111-79', 'Alice Mendes Santos', '1983-09-29', 'Rua da Aurora, 7979, Olinda', '90222-2222', 'Plano Premium', 19),
('111.111.111-80', 'Pedro Henrique Dias', '1975-11-10', 'Av. Boa Viagem, 8080, Recife', '90333-3333', 'Plano Básico', 20),
('111.111.111-81', 'Gabriela Fernandes', '1998-01-22', 'Rua da Moeda, 8181, Recife', '90444-4444', 'SUS', 1),
('111.111.111-82', 'Marcos Vinicius Reis', '1986-03-05', 'Rua do Sol, 8282, Olinda', '90555-5555', 'Plano Premium', 2),
('111.111.111-83', 'Carolina Ribeiro', '1979-05-17', 'Rua da Mangueira, 8383, Paulista', '90666-6666', 'Plano Básico', 3),
('111.111.111-84', 'Vinicius Lopes', '1996-07-29', 'Rua do Futuro, 8484, Jaboatão', '90777-7777', 'SUS', 4),
('111.111.111-85', 'Giovanna Lima', '1984-09-09', 'Av. Domingos Ferreira, 8585, Recife', '90888-8888', 'Plano Premium', 5),
('111.111.111-86', 'Gabriel Viana', '1970-11-21', 'Rua do Comércio, 8686, Paulista', '90999-9999', 'Plano Básico', 6),
('111.111.111-87', 'Larissa Barbosa', '1993-01-03', 'Rua da Glória, 8787, Recife', '89111-1111', 'SUS', 7),
('111.111.111-88', 'Caio Martins', '1981-03-15', 'Rua Padre Carapuceiro, 8888, Recife', '89222-2222', 'Plano Premium', 8),
('111.111.111-89', 'Bruna Rocha', '1975-05-27', 'Rua da União, 8989, Olinda', '89333-3333', 'Plano Básico', 9),
('111.111.111-90', 'Leonardo Souza', '1997-07-08', 'Rua da Soledade, 9090, Recife', '89444-4444', 'SUS', 10),
('111.111.111-91', 'Juliana Neves', '1985-09-19', 'Rua do Amparo, 9191, Olinda', '89555-5555', 'Plano Premium', 11),
('111.111.111-92', 'Felipe Santos', '1979-11-30', 'Rua do Rosário, 9292, Jaboatão', '89666-6666', 'Plano Básico', 12),
('111.111.111-93', 'Mariana Oliveira', '1996-01-12', 'Av. Bernardo Vieira de Melo, 9393, Jaboatão', '89777-7777', 'SUS', 13),
('111.111.111-94', 'Guilherme Pereira', '1984-03-24', 'Rua do Futuro, 9494, Paulista', '89888-8888', 'Plano Premium', 14),
('111.111.111-95', 'Ana Beatriz Gomes', '1978-05-05', 'Rua do Bomfim, 9595, Olinda', '89999-9999', 'Plano Básico', 15),
('111.111.111-96', 'Lucas Nogueira', '1992-07-17', 'Av. Caxangá, 9696, Recife', '88111-1111', 'SUS', 16),
('111.111.111-97', 'Fernanda Faria', '1980-09-29', 'Av. Conde da Boa Vista, 9797, Recife', '88222-2222', 'Plano Premium', 17),
('111.111.111-98', 'Thiago Lima', '1974-11-10', 'Rua do Pombal, 9898, Olinda', '88333-3333', 'Plano Básico', 18),
('111.111.111-99', 'Rafael Reis', '1995-01-22', 'Rua Sete de Setembro, 9999, Jaboatão', '88444-4444', 'SUS', 19),
('111.111.111-00', 'Clara Vasconcelos', '1983-03-05', 'Rua da Harmonia, 10000, Jaboatão', '88555-5555', 'Plano Premium', 20);

CREATE TABLE IF NOT EXISTS Prontuarios (
	codigo_prontuario INT PRIMARY KEY AUTO_INCREMENT,
	codigo_paciente INT UNIQUE, -- UNIQUE para garantir o 1:1
	FOREIGN KEY (codigo_paciente) REFERENCES Pacientes(codigo_paciente) ON DELETE CASCADE
);
INSERT INTO Prontuarios (codigo_paciente) VALUES
(1), (2), (3), (4), (5), (6), (7), (8), (9), (10),
(11), (12), (13), (14), (15), (16), (17), (18), (19), (20),
(21), (22), (23), (24), (25), (26), (27), (28), (29), (30),
(31), (32), (33), (34), (35), (36), (37), (38), (39), (40),
(41), (42), (43), (44), (45), (46), (47), (48), (49), (50),
(51), (52), (53), (54), (55), (56), (57), (58), (59), (60),
(61), (62), (63), (64), (65), (66), (67), (68), (69), (70),
(71), (72), (73), (74), (75), (76), (77), (78), (79), (80),
(81), (82), (83), (84), (85), (86), (87), (88), (89), (90),
(91), (92), (93), (94), (95), (96), (97), (98), (99), (100);

CREATE TABLE IF NOT EXISTS Historico_Prontuario (
	codigo_evento INT PRIMARY KEY AUTO_INCREMENT,
	data_hora DATETIME,
	descricao TEXT,
	codigo_prontuario INT,
	FOREIGN KEY (codigo_prontuario) REFERENCES Prontuarios(codigo_prontuario) ON DELETE CASCADE
);
INSERT INTO Historico_Prontuario (codigo_prontuario, data_hora, descricao) VALUES
(1, '2025-09-25 10:00:00', 'Paciente admitido com dificuldade respiratória.'),
(15, '2025-09-26 11:00:00', 'Avaliação pré-operatória. Paciente preparado para cirurgia.'),
(25, '2025-09-27 16:00:00', 'Raio-x de fêmur e avaliação ortopédica realizados.'),
(30, '2025-09-28 19:00:00', 'Sintomas de dor no peito. Eletrocardiograma em andamento.'),
(40, '2025-09-29 10:00:00', 'Cirurgia de vesícula biliar agendada.'),
(50, '2025-09-30 12:00:00', 'Início do tratamento com diálise.'),
(60, '2025-10-01 11:00:00', 'Exame físico completo e início de antibioticoterapia.'),
(70, '2025-10-02 15:00:00', 'Biópsia para análise de tumor.'),
(80, '2025-10-03 18:00:00', 'Paciente em recuperação, recebendo hidratação via intravenosa.'),
(90, '2025-10-04 10:00:00', 'Relatório de acompanhamento. Paciente em repouso absoluto.'),
(99, '2025-10-05 12:00:00', 'Paciente sob observação, quadro alérgico estável.'),
(100, '2025-10-06 15:00:00', 'Início do tratamento com antibióticos.'),
(5, '2025-10-07 17:00:00', 'Consulta de rotina. Paciente sem queixas.'),
(12, '2025-10-08 20:00:00', 'Aguardando exames de imagem para diagnóstico.'),
(22, '2025-10-09 23:00:00', 'Prescrição de medicação para controle de pressão.'),
(2, '2025-10-10 09:00:00', 'Consulta pediátrica de rotina. Vacinas em dia.'),
(3, '2025-10-10 11:30:00', 'Queixa de dor nas articulações. Solicitação de exames.'),
(4, '2025-10-11 14:00:00', 'Avaliação de pintas no corpo. Dermatoscopia realizada.'),
(6, '2025-10-11 16:00:00', 'Lesão no joelho. Encaminhado para radiografia.'),
(7, '2025-10-12 08:00:00', 'Paciente com queixa de tosse e febre. Prescrição de xarope.'),
(8, '2025-10-12 10:30:00', 'Avaliação de rotina. Pressão arterial e batimentos cardíacos normais.'),
(9, '2025-10-13 13:00:00', 'Sintomas de ansiedade. Prescrição de terapia e medicação leve.'),
(10, '2025-10-13 15:30:00', 'Avaliação de manchas na pele. Biópsia agendada.'),
(11, '2025-10-14 09:45:00', 'Consulta de acompanhamento. Níveis de glicose estáveis.'),
(13, '2025-10-14 11:20:00', 'Sintomas de dor abdominal. Encaminhado para gastroenterologista.'),
(14, '2025-10-15 14:10:00', 'Exame de ultrassom realizado. Sem anormalidades.'),
(16, '2025-10-15 16:50:00', 'Consulta para acompanhamento de lesão no tornozelo.'),
(17, '2025-10-16 09:00:00', 'Verificação de pressão arterial. Paciente relatou tonturas.'),
(18, '2025-10-16 11:15:00', 'Consulta de rotina. Paciente sem queixas.'),
(19, '2025-10-17 13:40:00', 'Exames de sangue e urina solicitados.'),
(20, '2025-10-17 15:00:00', 'Avaliação de rotina em paciente com histórico de diabetes.'),
(21, '2025-10-18 09:30:00', 'Consulta de acompanhamento. Paciente relatou melhora.'),
(23, '2025-10-18 11:00:00', 'Avaliação de rotina. Paciente com queixas de insônia.'),
(24, '2025-10-19 14:00:00', 'Consulta de emergência. Paciente com febre alta.'),
(26, '2025-10-19 16:30:00', 'Avaliação de rotina. Paciente sem queixas.'),
(27, '2025-10-20 09:00:00', 'Paciente com queixa de dor de cabeça. Encaminhado para neurologista.'),
(28, '2025-10-20 11:00:00', 'Avaliação de rotina. Exames de sangue normais.'),
(29, '2025-10-21 14:00:00', 'Consulta de acompanhamento. Paciente relatou melhora.'),
(31, '2025-10-21 16:00:00', 'Avaliação de rotina. Paciente sem queixas.'),
(32, '2025-10-22 09:00:00', 'Consulta de emergência. Paciente com náuseas.'),
(33, '2025-10-22 11:30:00', 'Avaliação de rotina. Paciente sem queixas.'),
(34, '2025-10-23 14:00:00', 'Paciente com queixa de dor no peito. Encaminhado para cardiologista.'),
(35, '2025-10-23 16:00:00', 'Avaliação de rotina. Paciente sem queixas.'),
(36, '2025-10-24 09:00:00', 'Consulta de emergência. Paciente com febre alta.'),
(37, '2025-10-24 11:00:00', 'Avaliação de rotina. Exames de sangue normais.'),
(38, '2025-10-25 14:00:00', 'Consulta de acompanhamento. Paciente relatou melhora.'),
(39, '2025-10-25 16:00:00', 'Avaliação de rotina. Paciente sem queixas.'),
(41, '2025-10-26 09:00:00', 'Consulta de emergência. Paciente com náuseas.'),
(42, '2025-10-26 11:00:00', 'Avaliação de rotina. Paciente sem queixas.'),
(43, '2025-10-27 14:00:00', 'Paciente com queixa de dor no peito. Encaminhado para cardiologista.'),
(44, '2025-10-27 16:00:00', 'Avaliação de rotina. Paciente sem queixas.'),
(45, '2025-10-28 09:00:00', 'Consulta de emergência. Paciente com febre alta.'),
(46, '2025-10-28 11:00:00', 'Avaliação de rotina. Exames de sangue normais.'),
(47, '2025-10-29 14:00:00', 'Consulta de acompanhamento. Paciente relatou melhora.'),
(48, '2025-10-29 16:00:00', 'Avaliação de rotina. Paciente sem queixas.'),
(49, '2025-10-30 09:00:00', 'Consulta de emergência. Paciente com náuseas.'),
(51, '2025-10-30 11:00:00', 'Avaliação de rotina. Paciente sem queixas.'),
(52, '2025-10-31 14:00:00', 'Paciente com queixa de dor no peito. Encaminhado para cardiologista.'),
(53, '2025-10-31 16:00:00', 'Avaliação de rotina. Paciente sem queixas.'),
(54, '2025-11-01 09:00:00', 'Consulta de emergência. Paciente com febre alta.'),
(55, '2025-11-01 11:00:00', 'Avaliação de rotina. Exames de sangue normais.'),
(56, '2025-11-02 14:00:00', 'Consulta de acompanhamento. Paciente relatou melhora.'),
(57, '2025-11-02 16:00:00', 'Avaliação de rotina. Paciente sem queixas.'),
(58, '2025-11-03 09:00:00', 'Consulta de emergência. Paciente com náuseas.'),
(59, '2025-11-03 11:00:00', 'Avaliação de rotina. Paciente sem queixas.'),
(61, '2025-11-04 14:00:00', 'Paciente com queixa de dor no peito. Encaminhado para cardiologista.'),
(62, '2025-11-04 16:00:00', 'Avaliação de rotina. Paciente sem queixas.'),
(63, '2025-11-05 09:00:00', 'Consulta de emergência. Paciente com febre alta.'),
(64, '2025-11-05 11:00:00', 'Avaliação de rotina. Exames de sangue normais.'),
(65, '2025-11-06 14:00:00', 'Consulta de acompanhamento. Paciente relatou melhora.'),
(66, '2025-11-06 16:00:00', 'Avaliação de rotina. Paciente sem queixas.'),
(67, '2025-11-07 09:00:00', 'Consulta de emergência. Paciente com náuseas.'),
(68, '2025-11-07 11:00:00', 'Avaliação de rotina. Paciente sem queixas.'),
(69, '2025-11-08 14:00:00', 'Paciente com queixa de dor no peito. Encaminhado para cardiologista.'),
(71, '2025-11-08 16:00:00', 'Avaliação de rotina. Paciente sem queixas.'),
(72, '2025-11-09 09:00:00', 'Consulta de emergência. Paciente com febre alta.'),
(73, '2025-11-09 11:00:00', 'Avaliação de rotina. Exames de sangue normais.'),
(74, '2025-11-10 14:00:00', 'Consulta de acompanhamento. Paciente relatou melhora.'),
(75, '2025-11-10 16:00:00', 'Avaliação de rotina. Paciente sem queixas.'),
(76, '2025-11-11 09:00:00', 'Consulta de emergência. Paciente com náuseas.'),
(77, '2025-11-11 11:00:00', 'Avaliação de rotina. Paciente sem queixas.'),
(78, '2025-11-12 14:00:00', 'Paciente com queixa de dor no peito. Encaminhado para cardiologista.'),
(79, '2025-11-12 16:00:00', 'Avaliação de rotina. Paciente sem queixas.'),
(81, '2025-11-13 09:00:00', 'Consulta de emergência. Paciente com febre alta.'),
(82, '2025-11-13 11:00:00', 'Avaliação de rotina. Exames de sangue normais.'),
(83, '2025-11-14 14:00:00', 'Consulta de acompanhamento. Paciente relatou melhora.'),
(84, '2025-11-14 16:00:00', 'Avaliação de rotina. Paciente sem queixas.'),
(85, '2025-11-15 09:00:00', 'Consulta de emergência. Paciente com náuseas.'),
(86, '2025-11-15 11:00:00', 'Avaliação de rotina. Paciente sem queixas.'),
(87, '2025-11-16 14:00:00', 'Paciente com queixa de dor no peito. Encaminhado para cardiologista.'),
(88, '2025-11-16 16:00:00', 'Avaliação de rotina. Paciente sem queixas.'),
(89, '2025-11-17 09:00:00', 'Consulta de emergência. Paciente com febre alta.'),
(91, '2025-11-17 11:00:00', 'Avaliação de rotina. Exames de sangue normais.'),
(92, '2025-11-18 14:00:00', 'Consulta de acompanhamento. Paciente relatou melhora.'),
(93, '2025-11-18 16:00:00', 'Avaliação de rotina. Paciente sem queixas.'),
(94, '2025-11-19 09:00:00', 'Consulta de emergência. Paciente com náuseas.'),
(95, '2025-11-19 11:00:00', 'Avaliação de rotina. Paciente sem queixas.'),
(96, '2025-11-20 14:00:00', 'Paciente com queixa de dor no peito. Encaminhado para cardiologista.'),
(97, '2025-11-20 16:00:00', 'Avaliação de rotina. Paciente sem queixas.'),
(98, '2025-11-21 09:00:00', 'Consulta de emergência. Paciente com febre alta.');

CREATE TABLE IF NOT EXISTS Consultas (
	codigo_consulta INT PRIMARY KEY AUTO_INCREMENT,
	data_hora DATETIME NOT NULL,
	sala VARCHAR(10) NOT NULL,
	status ENUM('Agendada', 'Realizada', 'Cancelada') NOT NULL,
	codigo_paciente INT,
	codigo_medico INT,
	FOREIGN KEY (codigo_paciente) REFERENCES Pacientes(codigo_paciente) ON DELETE NO ACTION,
	FOREIGN KEY (codigo_medico) REFERENCES Medicos(codigo_medico) ON DELETE NO ACTION
);
INSERT INTO Consultas (data_hora, sala, status, codigo_paciente, codigo_medico) VALUES
('2025-10-01 09:00:00', 'A101', 'Agendada', 1, 1),
('2025-10-01 10:00:00', 'A101', 'Agendada', 5, 2),
('2025-10-01 11:30:00', 'C305', 'Realizada', 10, 3),
('2025-10-02 08:45:00', 'D401', 'Realizada', 15, 4),
('2025-10-02 14:00:00', 'E502', 'Agendada', 20, 5),
('2025-10-03 16:30:00', 'G701', 'Cancelada', 25, 6),
('2025-10-03 10:15:00', 'H801', 'Realizada', 30, 7),
('2025-10-04 09:30:00', 'I901', 'Agendada', 35, 8),
('2025-10-04 11:00:00', 'J101', 'Realizada', 40, 9),
('2025-10-05 13:00:00', 'K111', 'Agendada', 45, 10),
('2025-10-05 15:00:00', 'L121', 'Realizada', 50, 11),
('2025-10-06 09:00:00', 'M131', 'Agendada', 55, 12),
('2025-10-06 10:30:00', 'N141', 'Realizada', 60, 13),
('2025-10-07 11:45:00', 'O151', 'Realizada', 65, 14),
('2025-10-07 14:00:00', 'P161', 'Cancelada', 70, 15),
('2025-10-08 10:00:00', 'Q171', 'Agendada', 75, 16),
('2025-10-08 15:30:00', 'R181', 'Realizada', 80, 17),
('2025-10-09 09:15:00', 'S191', 'Agendada', 85, 18),
('2025-10-09 11:00:00', 'T201', 'Realizada', 90, 19),
('2025-10-10 10:00:00', 'U211', 'Agendada', 95, 20),
('2025-10-10 14:00:00', 'A101', 'Realizada', 1, 2),
('2025-10-11 10:00:00', 'B202', 'Agendada', 3, 4),
('2025-10-11 15:00:00', 'C305', 'Realizada', 5, 6),
('2025-10-12 11:00:00', 'D401', 'Agendada', 7, 8),
('2025-10-12 16:00:00', 'E502', 'Realizada', 9, 10),
('2025-10-13 09:00:00', 'A101', 'Agendada', 11, 1),
('2025-10-13 10:00:00', 'B202', 'Agendada', 13, 3),
('2025-10-13 11:30:00', 'C305', 'Realizada', 16, 5),
('2025-10-14 08:45:00', 'D401', 'Realizada', 18, 7),
('2025-10-14 14:00:00', 'E502', 'Agendada', 22, 9),
('2025-10-15 16:30:00', 'G701', 'Cancelada', 27, 11),
('2025-10-15 10:15:00', 'H801', 'Realizada', 32, 13),
('2025-10-16 09:30:00', 'I901', 'Agendada', 37, 15),
('2025-10-16 11:00:00', 'J101', 'Realizada', 42, 17),
('2025-10-17 13:00:00', 'K111', 'Agendada', 47, 19),
('2025-10-17 15:00:00', 'L121', 'Realizada', 52, 20),
('2025-10-18 09:00:00', 'M131', 'Agendada', 57, 1),
('2025-10-18 10:30:00', 'N141', 'Realizada', 62, 3),
('2025-10-19 11:45:00', 'O151', 'Realizada', 67, 5),
('2025-10-19 14:00:00', 'P161', 'Cancelada', 72, 7),
('2025-10-20 10:00:00', 'Q171', 'Agendada', 77, 9),
('2025-10-20 15:30:00', 'R181', 'Realizada', 82, 11),
('2025-10-21 09:15:00', 'S191', 'Agendada', 87, 13),
('2025-10-21 11:00:00', 'T201', 'Realizada', 92, 15),
('2025-10-22 10:00:00', 'U211', 'Agendada', 97, 17),
('2025-10-22 14:00:00', 'A101', 'Realizada', 99, 19),
('2025-10-23 10:00:00', 'B202', 'Agendada', 2, 4),
('2025-10-23 15:00:00', 'C305', 'Realizada', 4, 6),
('2025-10-24 11:00:00', 'D401', 'Agendada', 6, 8),
('2025-10-24 16:00:00', 'E502', 'Realizada', 8, 10),
('2025-10-25 09:00:00', 'A101', 'Agendada', 12, 12),
('2025-10-25 10:00:00', 'B202', 'Agendada', 14, 14),
('2025-10-25 11:30:00', 'C305', 'Realizada', 17, 16),
('2025-10-26 08:45:00', 'D401', 'Realizada', 19, 18),
('2025-10-26 14:00:00', 'E502', 'Agendada', 21, 20),
('2025-10-27 16:30:00', 'G701', 'Cancelada', 23, 1),
('2025-10-27 10:15:00', 'H801', 'Realizada', 24, 2),
('2025-10-28 09:30:00', 'I901', 'Agendada', 26, 3),
('2025-10-28 11:00:00', 'J101', 'Realizada', 28, 4),
('2025-10-29 13:00:00', 'K111', 'Agendada', 29, 5),
('2025-10-29 15:00:00', 'L121', 'Realizada', 31, 6),
('2025-10-30 09:00:00', 'M131', 'Agendada', 33, 7),
('2025-10-30 10:30:00', 'N141', 'Realizada', 34, 8);

CREATE TABLE IF NOT EXISTS Internacoes (
	codigo_internacao INT PRIMARY KEY AUTO_INCREMENT,
	quarto VARCHAR(10) NOT NULL,
	data_entrada DATETIME NOT NULL,
	data_alta DATETIME,
	diagnostico VARCHAR(255),
	codigo_paciente INT,
	codigo_medico INT,
	FOREIGN KEY (codigo_paciente) REFERENCES Pacientes(codigo_paciente) ON DELETE NO ACTION,
	FOREIGN KEY (codigo_medico) REFERENCES Medicos(codigo_medico) ON DELETE NO ACTION
);
INSERT INTO Internacoes (quarto, data_entrada, data_alta, diagnostico, codigo_paciente, codigo_medico) VALUES
('A-101', '2025-09-25 08:00:00', '2025-09-28 15:00:00', 'Pneumonia', 1, 1),
('B-201', '2025-09-26 10:30:00', '2025-09-30 11:00:00', 'Apendicite', 15, 6),
('C-301', '2025-09-27 15:00:00', '2025-09-29 10:00:00', 'Fratura de fêmur', 25, 6),
('A-102', '2025-09-28 18:00:00', NULL, 'Suspeita de infarto', 30, 3),
('D-401', '2025-09-29 09:00:00', '2025-10-02 14:00:00', 'Colecistite', 40, 5),
('E-501', '2025-09-30 11:00:00', NULL, 'Complicação renal', 50, 12),
('B-202', '2025-10-01 10:00:00', '2025-10-03 16:00:00', 'Bronquite', 60, 18),
('C-302', '2025-10-02 14:00:00', NULL, 'Tumor benigno', 70, 11),
('A-103', '2025-10-03 17:00:00', '2025-10-05 10:00:00', 'Gastroenterite', 80, 5),
('D-402', '2025-10-04 09:00:00', NULL, 'Esgotamento físico', 90, 9),
('B-203', '2025-10-05 11:00:00', '2025-10-07 12:00:00', 'Reação alérgica grave', 99, 10),
('E-502', '2025-10-06 14:00:00', NULL, 'Infecção urinária', 100, 12),
('C-303', '2025-10-07 16:00:00', '2025-10-08 10:00:00', 'Observação de rotina', 5, 2),
('A-104', '2025-10-08 19:00:00', NULL, 'Lesão no joelho', 12, 6),
('D-403', '2025-10-09 22:00:00', NULL, 'Hipertensão descontrolada', 22, 3),
('E-503', '2025-10-10 10:00:00', '2025-10-12 11:00:00', 'Infarto agudo do miocárdio', 2, 3),
('A-105', '2025-10-11 15:00:00', NULL, 'AVC hemorrágico', 7, 8),
('B-204', '2025-10-12 17:00:00', '2025-10-15 10:00:00', 'Cálculos renais', 9, 12),
('C-304', '2025-10-13 09:00:00', NULL, 'Câncer de cólon', 11, 11),
('D-404', '2025-10-14 11:00:00', '2025-10-16 15:00:00', 'Trombose venosa profunda', 13, 1),
('E-504', '2025-10-15 14:00:00', NULL, 'Encefalite', 17, 8),
('A-106', '2025-10-16 16:00:00', '2025-10-18 10:00:00', 'Crise de asma', 19, 18),
('B-205', '2025-10-17 18:00:00', NULL, 'Reação alérgica a medicamento', 21, 4),
('C-305', '2025-10-18 20:00:00', '2025-10-21 11:00:00', 'Hemorragia digestiva', 23, 5),
('D-405', '2025-10-19 22:00:00', NULL, 'Traumatismo craniano', 27, 8),
('E-505', '2025-10-20 10:00:00', '2025-10-22 15:00:00', 'Anemia grave', 29, 13),
('A-107', '2025-10-21 12:00:00', NULL, 'Esquizofrenia', 31, 9),
('B-206', '2025-10-22 14:00:00', '2025-10-24 10:00:00', 'Infecção pulmonar', 33, 19),
('C-306', '2025-10-23 16:00:00', NULL, 'Arritmia cardíaca', 37, 3),
('D-406', '2025-10-24 18:00:00', '2025-10-26 15:00:00', 'Diabetes descontrolada', 39, 10),
('E-506', '2025-10-25 20:00:00', NULL, 'Tuberculose', 41, 19),
('A-108', '2025-10-26 22:00:00', '2025-10-28 11:00:00', 'Cirrose hepática', 43, 5),
('B-207', '2025-10-27 10:00:00', NULL, 'Doença de Crohn', 47, 5);

SELECT * FROM Departamentos;
SELECT * FROM Pacientes;
SELECT * FROM Medicos;
SELECT * FROM Prontuarios;
SELECT * FROM Historico_Prontuario;
SELECT * FROM Consultas;
SELECT * FROM Internacoes;