CREATE DATABASE IF NOT EXISTS sysbank;
USE sysbank;

CREATE TABLE IF NOT EXISTS Agencias (
	id_agencia INT PRIMARY KEY AUTO_INCREMENT,
	numero_agencia VARCHAR(10) UNIQUE NOT NULL,
	nome VARCHAR(100),
	endereco TEXT
);
INSERT INTO Agencias (id_agencia, numero_agencia, nome, endereco) VALUES
(1, '0101', 'Agência Boa Viagem', 'Av. Conselheiro Aguiar, 1500, Boa Viagem, Recife-PE'),
(2, '0102', 'Agência Casa Forte', 'Praça de Casa Forte, 450, Casa Forte, Recife-PE'),
(3, '0103', 'Agência Derby', 'Praça do Derby, 120, Derby, Recife-PE'),
(4, '0104', 'Agência Graças', 'Rua das Graças, 300, Graças, Recife-PE'),
(5, '0105', 'Agência Pina', 'Av. Herculano Bandeira, 500, Pina, Recife-PE'),
(6, '0106', 'Agência Espinheiro', 'Rua do Espinheiro, 800, Espinheiro, Recife-PE'),
(7, '0107', 'Agência Aflitos', 'Av. Rosa e Silva, 1200, Aflitos, Recife-PE'),
(8, '0108', 'Agência Madalena', 'Rua Real da Torre, 950, Madalena, Recife-PE'),
(9, '0109', 'Agência Caxangá', 'Av. Caxangá, 2500, Cordeiro, Recife-PE'),
(10, '0110', 'Agência Várzea', 'Praça da Várzea, 50, Várzea, Recife-PE'),
(11, '0111', 'Agência Imbiribeira', 'Av. Marechal Mascarenhas de Morais, 3000, Imbiribeira, Recife-PE'),
(12, '0112', 'Agência Boa Vista', 'Rua da Imperatriz, 220, Boa Vista, Recife-PE'),
(13, '0113', 'Agência Santo Amaro', 'Av. Cruz Cabugá, 700, Santo Amaro, Recife-PE'),
(14, '0114', 'Agência Parnamirim', 'Rua Padre Roma, 600, Parnamirim, Recife-PE'),
(15, '0115', 'Agência Jaqueira', 'Rua do Futuro, 900, Jaqueira, Recife-PE'),
(16, '0116', 'Agência Digital Prime', 'Plataforma Online, Internet'),
(17, '0117', 'Agência Digital Classic', 'Plataforma Online, Internet'),
(18, '0118', 'Agência Olinda', 'Av. Getúlio Vargas, 1000, Bairro Novo, Olinda-PE'),
(19, '0119', 'Agência Jaboatão Centro', 'Av. Barão de Lucena, 500, Centro, Jaboatão-PE'),
(20, '0120', 'Agência Paulista Centro', 'Av. Mal. Floriano Peixoto, 150, Centro, Paulista-PE');

CREATE TABLE IF NOT EXISTS Funcionarios (
	id_funcionario INT PRIMARY KEY AUTO_INCREMENT,
	cpf VARCHAR(11) UNIQUE NOT NULL,
	nome_completo VARCHAR(255) NOT NULL,
	cargo VARCHAR(100),
	id_agencia INT,
	FOREIGN KEY (id_agencia) REFERENCES Agencias(id_agencia)
);
INSERT INTO Funcionarios (cpf, nome_completo, cargo, id_agencia) VALUES
('99988877701', 'Carlos Andrade', 'Gerente Geral', 1),
('88877766602', 'Beatriz Lima', 'Gerente de Contas', 2),
('77766655503', 'Ricardo Gomes', 'Caixa', 3),
('66655544404', 'Fernanda Alves', 'Atendente de C. Físico', 1),
('55544433305', 'André Martins', 'Analista de Crédito', 4),
('44433322206', 'Juliana Rocha', 'Tesoureiro', 5),
('33322211107', 'Marcos Dias', 'Gerente de Contas', 6),
('22211100008', 'Paula Barbosa', 'Caixa', 7),
('11100099909', 'Gustavo Freitas', 'Atendente de C. Físico', 8),
('12312312310', 'Vanessa Ribeiro', 'Analista de Crédito', 9),
('23423423411', 'Leandro Azevedo', 'Tesoureiro', 10),
('34534534512', 'Camila Nogueira', 'Gerente de Contas', 11),
('45645645613', 'Thiago Pinto', 'Caixa', 12),
('56756756714', 'Letícia Carvalho', 'Atendente de C. Físico', 13),
('67867867815', 'Felipe Barros', 'Analista de Crédito', 14),
('78978978916', 'Gabriela Castro', 'Tesoureiro', 15),
('89089089017', 'Daniel Melo', 'Gerente de Contas', 16),
('90190190118', 'Laura Ferreira', 'Caixa', 17),
('10210210219', 'Bruno Santos', 'Atendente de C. Físico', 18),
('20320320320', 'Mariana Souza', 'Analista de Crédito', 19),
('30430430421', 'Vinícius Correia', 'Tesoureiro', 20),
('40540540522', 'Aline Monteiro', 'Gerente de Contas', 1),
('50650650623', 'Eduardo Teixeira', 'Caixa', 2),
('60760760724', 'Patrícia Fernandes', 'Atendente de C. Físico', 3),
('70870870825', 'Rafael Dantas', 'Analista de Crédito', 4),
('80980980926', 'Jéssica Ramos', 'Tesoureiro', 5),
('91091091027', 'Marcelo Cavalcanti', 'Gerente de Contas', 6),
('11211211228', 'Tatiane Farias', 'Caixa', 7),
('21321321329', 'Leonardo Duarte', 'Atendente de C. Físico', 8),
('31431431430', 'Priscila Bezerra', 'Analista de Crédito', 9),
('41541541531', 'Rodrigo Lopes', 'Tesoureiro', 10),
('51651651632', 'Sandra araújo', 'Gerente de Contas', 11),
('61761761733', 'Fábio Morais', 'Caixa', 12),
('71871871834', 'Cristiane Maciel', 'Atendente de C. Físico', 13),
('81981981935', 'Diego Rezende', 'Analista de Crédito', 14),
('92092092036', 'Renata Vasconcelos', 'Tesoureiro', 15),
('12212212237', 'Alexandre Borges', 'Gerente de Contas', 16),
('22322322338', 'Cláudia Peixoto', 'Caixa', 17),
('32432432439', 'Sérgio Viana', 'Atendente de C. Físico', 18),
('42542542540', 'Michele Xavier', 'Analista de Crédito', 19),
('52652652641', 'Anderson Aquino', 'Tesoureiro', 20),
('62762762742', 'Flávia Drummond', 'Gerente de Contas', 1),
('72872872843', 'Roberto Siqueira', 'Caixa', 2),
('82982982944', 'Adriana Cordeiro', 'Atendente de C. Físico', 3),
('93093093045', 'Márcio Pimentel', 'Analista de Crédito', 4),
('13113113146', 'Eliane Brandão', 'Tesoureiro', 5),
('23223223247', 'Paulo Guimarães', 'Gerente de Contas', 6),
('33333333348', 'Simone Guerra', 'Caixa', 7),
('43443443449', 'Luciano Neves', 'Atendente de C. Físico', 8),
('53553553550', 'Angélica Tavares', 'Analista de Crédito', 9),
('63663663651', 'Fernando Franco', 'Tesoureiro', 10),
('73773773752', 'Gisele Lins', 'Gerente de Contas', 11),
('83883883853', 'Jonas Barreto', 'Caixa', 12),
('93993993954', 'Débora Campos', 'Atendente de C. Físico', 13),
('14114114155', 'Antônio Castilho', 'Analista de Crédito', 14),
('24224224256', 'Rosana Pires', 'Tesoureiro', 15),
('34334334357', 'César Amorim', 'Gerente de Contas', 16),
('44444444458', 'Valéria Matias', 'Caixa', 17),
('54554554559', 'Otávio Galvão', 'Atendente de C. Físico', 18),
('64664664660', 'Erika Paes', 'Analista de Crédito', 19),
('74774774761', 'Rui Queiroz', 'Tesoureiro', 20),
('8488484862', 'Ingrid Fontes', 'Gerente de Contas', 1),
('94994994963', 'Samuel Fogaça', 'Caixa', 2),
('15115115164', 'Bárbara Arruda', 'Atendente de C. Físico', 3),
('25225225265', 'Gilberto Drummond', 'Analista de Crédito', 4),
('35335335366', 'Mônica Rangel', 'Tesoureiro', 5),
('45445445467', 'Vitor Guedes', 'Gerente de Contas', 6),
('55555555568', 'Cintia Valença', 'Caixa', 7),
('65665665669', 'Moisés Trindade', 'Atendente de C. Físico', 8),
('75775775770', 'Carolina Vergueiro', 'Analista de Crédito', 9),
('85885885871', 'Heitor Padilha', 'Tesoureiro', 10),
('95995995972', 'Teresa Quintela', 'Gerente de Contas', 11),
('16116116173', 'Rogério Beltrão', 'Caixa', 12),
('26226226274', 'Amanda Teles', 'Atendente de C. Físico', 13),
('36336336375', 'Nelson Varejão', 'Analista de Crédito', 14),
('46446446476', 'Helena Portela', 'Tesoureiro', 15),
('56556556577', 'Isaac Mesquita', 'Gerente de Contas', 16),
('66666666678', ' Ester Caldas', 'Caixa', 17),
('76776776779', 'Davi Silveira', 'Atendente de C. Físico', 18),
('86886886880', 'Lívia Pestana', 'Analista de Crédito', 19),
('96996996981', 'Levi Canto', 'Tesoureiro', 20),
('17117117182', 'Sarah Lacerda', 'Gerente de Contas', 1),
('27227227283', 'Arthur Camargo', 'Caixa', 2),
('37337337384', 'Yasmin Sampaio', 'Atendente de C. Físico', 3),
('47447447485', 'Benício Falcão', 'Analista de Crédito', 4),
('57557557586', 'Isabel Caiado', 'Tesoureiro', 5),
('67667667687', 'Nicolas Goulart', 'Gerente de Contas', 6),
('77777777788', 'Elisa Frota', 'Caixa', 7),
('87887887889', 'Lucca Diniz', 'Atendente de C. Físico', 8),
('97997997990', 'Heloísa Barcellos', 'Analista de Crédito', 9),
('18118118191', 'Theo Junqueira', 'Tesoureiro', 10),
('28228228292', 'Lara Novais', 'Gerente de Contas', 11),
('38338338393', 'Henry Valadares', 'Caixa', 12),
('48448448494', 'Cecília Rabelo', 'Atendente de C. Físico', 13),
('58558558595', 'Enzo Canuto', 'Analista de Crédito', 14),
('68668668696', 'Maria Eduarda Padrão', 'Tesoureiro', 15),
('78778778797', 'Pietro Leal', 'Gerente de Contas', 16),
('88888888898', 'Lorena Sabóia', 'Caixa', 17),
('98998998999', 'Guilherme Salgado', 'Atendente de C. Físico', 18),
('19119119100', 'Manuela Alencar', 'Analista de Crédito', 19);

CREATE TABLE IF NOT EXISTS Clientes (
	id_cliente INT PRIMARY KEY AUTO_INCREMENT,
	cpf VARCHAR(11) UNIQUE NOT NULL,
	nome_completo VARCHAR(255) NOT NULL,
	data_nascimento DATE,
	endereco TEXT,
	email VARCHAR(255) UNIQUE,
	telefone VARCHAR(20)
);
INSERT INTO Clientes (id_cliente, cpf, nome_completo, data_nascimento, endereco, email, telefone) VALUES
(1, '11122233301', 'João da Silva Oliveira', '1980-05-15', 'Rua da Aurora, 50, Recife-PE', 'joao.silva.oliveira@email.com', '81911112222'),
(2, '22233344402', 'Maria Oliveira Souza', '1992-11-20', 'Avenida Boa Viagem, 1230, Recife-PE', 'maria.oliveira.souza@email.com', '81922223333'),
(3, '33344455503', 'Pedro Souza Costa', '1975-02-10', 'Praça de Casa Forte, 45, Recife-PE', 'pedro.souza.costa@email.com', '81933334444'),
(4, '44455566604', 'Ana Costa Santos', '2000-08-30', 'Rua da Moeda, 789, Recife-PE', 'ana.costa.santos@email.com', '81944445555'),
(5, '55566677705', 'Carlos Santos Pereira', '1988-07-12', 'Avenida Conselheiro Aguiar, 2500, Recife-PE', 'carlos.santos.pereira@email.com', '81955556666'),
(6, '66677788806', 'Sofia Pereira Alves', '1995-03-25', 'Rua do Futuro, 901, Recife-PE', 'sofia.pereira.alves@email.com', '81966667777'),
(7, '77788899907', 'Lucas Alves Mendes', '1982-09-01', 'Estrada do Arraial, 3010, Recife-PE', 'lucas.alves.mendes@email.com', '81977778888'),
(8, '88899900008', 'Beatriz Mendes Lima', '1999-12-18', 'Avenida Dezessete de Agosto, 1700, Recife-PE', 'beatriz.mendes.lima@email.com', '81988889999'),
(9, '99900011109', 'Ricardo Lima Gomes', '1979-01-05', 'Rua Real da Torre, 100, Recife-PE', 'ricardo.lima.gomes@email.com', '81999990000'),
(10, '10110110110', 'Fernanda Gomes Rocha', '1991-06-22', 'Avenida Caxangá, 4000, Recife-PE', 'fernanda.gomes.rocha@email.com', '81910101111'),
(11, '11211211211', 'André Rocha Dias', '1985-04-14', 'Rua do Hospício, 550, Recife-PE', 'andre.rocha.dias@email.com', '81911221122'),
(12, '12312312312', 'Juliana Dias Barbosa', '1993-10-03', 'Avenida Norte, 3030, Recife-PE', 'juliana.dias.barbosa@email.com', '81912331233'),
(13, '13413413413', 'Marcos Barbosa Freitas', '1978-11-28', 'Rua da Harmonia, 400, Recife-PE', 'marcos.barbosa.freitas@email.com', '81913441344'),
(14, '14514514514', 'Paula Freitas Ribeiro', '2001-07-09', 'Avenida Beberibe, 1500, Recife-PE', 'paula.freitas.ribeiro@email.com', '81914551455'),
(15, '15615615615', 'Gustavo Ribeiro Azevedo', '1989-08-19', 'Rua Amélia, 200, Recife-PE', 'gustavo.ribeiro.azevedo@email.com', '81915661566'),
(16, '16716716716', 'Vanessa Azevedo Nogueira', '1996-05-16', 'Largo da Encruzilhada, 10, Recife-PE', 'vanessa.azevedo.nogueira@email.com', '81916771677'),
(17, '17817817817', 'Leandro Nogueira Pinto', '1983-03-07', 'Avenida Herculano Bandeira, 750, Recife-PE', 'leandro.nogueira.pinto@email.com', '81917881788'),
(18, '18918918918', 'Camila Pinto Carvalho', '1990-09-21', 'Rua da Soledade, 330, Recife-PE', 'camila.pinto.carvalho@email.com', '81918991899'),
(19, '20120120119', 'Thiago Carvalho Barros', '1987-12-30', 'Avenida Mascarenhas de Morais, 4040, Recife-PE', 'thiago.carvalho.barros@email.com', '81920112011'),
(20, '21221221220', 'Letícia Barros Castro', '1994-02-18', 'Rua Jerônimo Vilela, 600, Recife-PE', 'leticia.barros.castro@email.com', '81921222122'),
(21, '22322322321', 'Felipe Castro Melo', '1981-10-02', 'Avenida Domingos Ferreira, 300, Recife-PE', 'felipe.castro.melo@email.com', '81922332233'),
(22, '23423423422', 'Gabriela Melo Ferreira', '1997-06-11', 'Rua Visconde de Jequitinhonha, 1100, Recife-PE', 'gabriela.melo.ferreira@email.com', '81923442344'),
(23, '24524524523', 'Daniel Ferreira Correia', '1984-04-23', 'Avenida Getúlio Vargas, 1500, Olinda-PE', 'daniel.ferreira.correia@email.com', '81924552455'),
(24, '25625625624', 'Laura Correia Monteiro', '1992-01-19', 'Rua do Sol, 250, Olinda-PE', 'laura.correia.monteiro@email.com', '81925662566'),
(25, '26726726725', 'Bruno Monteiro Teixeira', '1986-09-08', 'Avenida Sigismundo Gonçalves, 50, Olinda-PE', 'bruno.monteiro.teixeira@email.com', '81926772677'),
(26, '27827827826', 'Mariana Teixeira Fernandes', '1998-07-27', 'Avenida Barão de Lucena, 300, Jaboatão-PE', 'mariana.teixeira.fernandes@email.com', '81927882788'),
(27, '28928928927', 'Vinícius Fernandes Dantas', '1980-03-03', 'Praia de Candeias, 2000, Jaboatão-PE', 'vinicius.fernandes.dantas@email.com', '81928992899'),
(28, '30130130128', 'Aline Dantas Ramos', '1995-11-13', 'Avenida Ayrton Senna da Silva, 400, Jaboatão-PE', 'aline.dantas.ramos@email.com', '81930113011'),
(29, '31231231229', 'Eduardo Ramos Cavalcanti', '1983-08-26', 'Rua do Espinheiro, 1010, Recife-PE', 'eduardo.ramos.cavalcanti@email.com', '81931223122'),
(30, '32332332330', 'Patrícia Cavalcanti Farias', '1991-04-01', 'Rua da Hora, 800, Recife-PE', 'patricia.cavalcanti.farias@email.com', '81932333233'),
(31, '33433433431', 'Rafael Farias Duarte', '1977-02-14', 'Rua 48, 50, Recife-PE', 'rafael.farias.duarte@email.com', '81933443344'),
(32, '34534534532', 'Jéssica Duarte Bezerra', '2002-09-17', 'Rua do Bom Jesus, 180, Recife-PE', 'jessica.duarte.bezerra@email.com', '81934553455'),
(33, '35635635633', 'Marcelo Bezerra Lopes', '1988-10-24', 'Avenida Alfredo Lisboa, 10, Recife-PE', 'marcelo.bezerra.lopes@email.com', '81935663566'),
(34, '36736736734', 'Tatiane Lopes Araújo', '1994-07-06', 'Avenida Rio Branco, 155, Recife-PE', 'tatiane.lopes.araujo@email.com', '81936773677'),
(35, '37837837835', 'Leonardo Araújo Morais', '1982-05-31', 'Rua do Apolo, 222, Recife-PE', 'leonardo.araujo.morais@email.com', '81937883788'),
(36, '38938938936', 'Priscila Morais Maciel', '1990-12-04', 'Cais do Apolo, 925, Recife-PE', 'priscila.morais.maciel@email.com', '81938993899'),
(37, '40140140137', 'Rodrigo Maciel Rezende', '1985-01-20', 'Avenida Militar, 200, Recife-PE', 'rodrigo.maciel.rezende@email.com', '81940114011'),
(38, '41241241238', 'Sandra Rezende Vasconcelos', '1993-08-08', 'Rua Marquês de Olinda, 170, Recife-PE', 'sandra.rezende.vasconcelos@email.com', '81941224122'),
(39, '42342342339', 'Fábio Vasconcelos Borges', '1979-06-13', 'Avenida Barbosa Lima, 149, Recife-PE', 'fabio.vasconcelos.borges@email.com', '81942334233'),
(40, '43443443440', 'Cristiane Borges Peixoto', '1996-03-29', 'Rua Vigário Tenório, 105, Recife-PE', 'cristiane.borges.peixoto@email.com', '81943444344'),
(41, '44544544541', 'Diego Peixoto Viana', '1984-11-09', 'Rua Madre de Deus, 27, Recife-PE', 'diego.peixoto.viana@email.com', '81944554455'),
(42, '45645645642', 'Renata Viana Xavier', '1992-09-26', 'Avenida República do Líbano, 251, Recife-PE', 'renata.viana.xavier@email.com', '81945664566'),
(43, '46746746743', 'Alexandre Xavier Aquino', '1980-07-04', 'Praça de Entroncamento, 1, Recife-PE', 'alexandre.xavier.aquino@email.com', '81946774677'),
(44, '47847847844', 'Cláudia Aquino Drummond', '1997-04-12', 'Rua Benfica, 505, Recife-PE', 'claudia.aquino.drummond@email.com', '81947884788'),
(45, '48948948945', 'Sérgio Drummond Siqueira', '1981-02-27', 'Rua João Tude de Melo, 77, Recife-PE', 'sergio.drummond.siqueira@email.com', '81948994899'),
(46, '50150150146', 'Michele Siqueira Cordeiro', '1994-10-15', 'Estrada dos Remédios, 1600, Recife-PE', 'michele.siqueira.cordeiro@email.com', '81950115011'),
(47, '51251251247', 'Anderson Cordeiro Pimentel', '1986-06-05', 'Rua José Bonifácio, 888, Recife-PE', 'anderson.cordeiro.pimentel@email.com', '81951225122'),
(48, '52352352348', 'Flávia Pimentel Brandão', '1999-01-31', 'Avenida Abdias de Carvalho, 1200, Recife-PE', 'flavia.pimentel.brandao@email.com', '81952335233'),
(49, '53453453449', 'Roberto Brandão Guimarães', '1978-08-11', 'Avenida General San Martin, 2000, Recife-PE', 'roberto.brandao.guimaraes@email.com', '81953445344'),
(50, '54554554550', 'Adriana Guimarães Guerra', '1995-05-23', 'Avenida Recife, 5000, Recife-PE', 'adriana.guimaraes.guerra@email.com', '81954555455');

CREATE TABLE IF NOT EXISTS Contas (
	id_conta INT PRIMARY KEY AUTO_INCREMENT,
	numero_conta VARCHAR(20) UNIQUE NOT NULL,
	tipo ENUM('Corrente', 'Poupança') NOT NULL,
	saldo DECIMAL(15, 2) DEFAULT 0.00,
	data_abertura DATE NOT NULL,
	status ENUM('Ativa', 'Inativa', 'Bloqueada') NOT NULL,
	id_cliente INT,
	id_agencia INT,
	id_gerente INT,
	FOREIGN KEY (id_cliente) REFERENCES Clientes(id_cliente),
	FOREIGN KEY (id_agencia) REFERENCES Agencias(id_agencia),
	FOREIGN KEY (id_gerente) REFERENCES Funcionarios(id_funcionario)
);
INSERT INTO Contas (id_conta, numero_conta, tipo, saldo, data_abertura, status, id_cliente, id_agencia, id_gerente) VALUES
(1, '10001-1', 'Corrente', 8542.75, '2022-03-10', 'Ativa', 1, 5, 12),
(2, '10002-2', 'Poupança', 15800.00, '2021-07-22', 'Ativa', 2, 11, 45),
(3, '10003-3', 'Corrente', 120.50, '2019-01-05', 'Inativa', 3, 3, 7),
(4, '10004-4', 'Corrente', 7600.20, '2023-11-30', 'Ativa', 4, 1, 22),
(5, '10005-5', 'Poupança', 25300.90, '2020-05-18', 'Ativa', 5, 15, 88),
(6, '10006-6', 'Corrente', 345.00, '2024-02-01', 'Ativa', 6, 8, 33),
(7, '10007-7', 'Poupança', 48950.00, '2018-09-12', 'Ativa', 7, 7, 51),
(8, '10008-8', 'Corrente', 1250.60, '2023-01-25', 'Ativa', 8, 19, 99),
(9, '10009-9', 'Corrente', 75.25, '2017-06-03', 'Bloqueada', 9, 2, 15),
(10, '10010-0', 'Poupança', 89432.10, '2021-10-11', 'Ativa', 10, 10, 64),
(11, '10011-1', 'Corrente', 11200.00, '2022-08-02', 'Ativa', 11, 14, 2),
(12, '10012-2', 'Poupança', 650.80, '2024-04-14', 'Ativa', 12, 6, 73),
(13, '10013-3', 'Corrente', 930.40, '2020-11-07', 'Ativa', 13, 20, 41),
(14, '10014-4', 'Poupança', 12870.00, '2019-04-21', 'Ativa', 14, 13, 18),
(15, '10015-5', 'Corrente', 2100.50, '2023-06-16', 'Ativa', 15, 9, 5),
(16, '10016-6', 'Poupança', 34000.00, '2022-02-28', 'Ativa', 16, 17, 81),
(17, '10017-7', 'Corrente', 450.70, '2024-01-10', 'Ativa', 17, 12, 29),
(18, '10018-8', 'Poupança', 5600.25, '2021-03-19', 'Ativa', 18, 4, 60),
(19, '10019-9', 'Corrente', 880.90, '2018-12-24', 'Inativa', 19, 18, 92),
(20, '10020-0', 'Poupança', 19875.50, '2023-09-05', 'Ativa', 20, 16, 37),
(21, '10021-1', 'Corrente', 4200.00, '2022-07-15', 'Ativa', 21, 1, 11),
(22, '10022-2', 'Poupança', 22000.00, '2020-01-30', 'Ativa', 22, 11, 46),
(23, '10023-3', 'Corrente', 350.20, '2019-05-20', 'Bloqueada', 23, 3, 8),
(24, '10024-4', 'Corrente', 9800.70, '2023-12-01', 'Ativa', 24, 2, 23),
(25, '10025-5', 'Poupança', 31000.40, '2020-06-25', 'Ativa', 25, 15, 89),
(26, '10026-6', 'Corrente', 670.00, '2024-03-10', 'Ativa', 26, 8, 34),
(27, '10027-7', 'Poupança', 52000.00, '2018-10-15', 'Ativa', 27, 7, 52),
(28, '10028-8', 'Corrente', 1800.80, '2023-02-28', 'Ativa', 28, 19, 100),
(29, '10029-9', 'Corrente', 150.50, '2017-07-10', 'Inativa', 29, 2, 16),
(30, '10030-0', 'Poupança', 95000.20, '2021-11-15', 'Ativa', 30, 10, 65),
(31, '10031-1', 'Corrente', 13500.00, '2022-09-05', 'Ativa', 31, 14, 3),
(32, '10032-2', 'Poupança', 800.90, '2024-05-20', 'Ativa', 32, 6, 74),
(33, '10033-3', 'Corrente', 1200.60, '2020-12-10', 'Ativa', 33, 20, 42),
(34, '10034-4', 'Poupança', 15500.00, '2019-06-25', 'Ativa', 34, 13, 19),
(35, '10035-5', 'Corrente', 2800.75, '2023-07-20', 'Ativa', 35, 9, 6),
(36, '10036-6', 'Poupança', 39000.00, '2022-03-25', 'Ativa', 36, 17, 82),
(37, '10037-7', 'Corrente', 550.80, '2024-02-15', 'Ativa', 37, 12, 30),
(38, '10038-8', 'Poupança', 6800.50, '2021-04-20', 'Ativa', 38, 4, 61),
(39, '10039-9', 'Corrente', 950.99, '2018-01-29', 'Bloqueada', 39, 18, 93),
(40, '10040-0', 'Poupança', 22500.75, '2023-10-10', 'Ativa', 40, 16, 38),
(41, '10041-1', 'Corrente', 7890.12, '2022-04-11', 'Ativa', 41, 5, 13),
(42, '10042-2', 'Poupança', 18999.99, '2021-08-23', 'Ativa', 42, 11, 47),
(43, '10043-3', 'Corrente', 25.55, '2019-02-15', 'Inativa', 43, 3, 9),
(44, '10044-4', 'Corrente', 6543.21, '2023-10-29', 'Ativa', 44, 1, 24),
(45, '10045-5', 'Poupança', 35432.10, '2020-04-19', 'Ativa', 45, 15, 90),
(46, '10046-6', 'Corrente', 123.45, '2024-01-02', 'Ativa', 46, 8, 35),
(47, '10047-7', 'Poupança', 58150.00, '2018-08-13', 'Ativa', 47, 7, 53),
(48, '10048-8', 'Corrente', 1987.65, '2023-02-24', 'Ativa', 48, 19, 98),
(49, '10049-9', 'Corrente', 0.00, '2017-05-04', 'Bloqueada', 49, 2, 17),
(50, '10050-0', 'Poupança', 102345.67, '2021-09-12', 'Ativa', 50, 10, 66);

CREATE TABLE IF NOT EXISTS Cartoes (
	id_cartao INT PRIMARY KEY AUTO_INCREMENT,
	numero_cartao VARCHAR(16) UNIQUE NOT NULL,
	tipo ENUM('Crédito', 'Débito') NOT NULL,
	data_validade DATE NOT NULL,
	limite DECIMAL(10, 2),
	status ENUM('Ativo', 'Bloqueado') NOT NULL,
	id_conta INT,
	FOREIGN KEY (id_conta) REFERENCES Contas(id_conta)
);
INSERT INTO Cartoes (id_cartao, numero_cartao, tipo, data_validade, limite, status, id_conta) VALUES
(1, '4444555566660001', 'Crédito', '2029-12-31', 8500.00, 'Ativo', 1),
(2, '4444555566660002', 'Débito', '2030-10-31', NULL, 'Ativo', 2),
(3, '4444555566660003', 'Crédito', '2028-05-31', 2500.00, 'Bloqueado', 3),
(4, '4444555566660004', 'Crédito', '2029-02-28', 12000.00, 'Ativo', 4),
(5, '4444555566660005', 'Débito', '2027-11-30', NULL, 'Ativo', 5),
(6, '4444555566660006', 'Crédito', '2029-08-31', 4000.00, 'Ativo', 6),
(7, '4444555566660007', 'Débito', '2030-01-31', NULL, 'Ativo', 7),
(8, '4444555566660008', 'Crédito', '2028-07-31', 7500.00, 'Ativo', 8),
(9, '4444555566660009', 'Débito', '2029-04-30', NULL, 'Bloqueado', 9),
(10, '4444555566660010', 'Crédito', '2030-03-31', 20000.00, 'Ativo', 10),
(11, '4444555566660011', 'Débito', '2028-11-30', NULL, 'Ativo', 11),
(12, '4444555566660012', 'Crédito', '2029-06-30', 1500.00, 'Ativo', 12),
(13, '4444555566660013', 'Débito', '2030-09-30', NULL, 'Ativo', 13),
(14, '4444555566660014', 'Crédito', '2028-04-30', 9500.00, 'Ativo', 14),
(15, '4444555566660015', 'Débito', '2029-01-31', NULL, 'Ativo', 15),
(16, '4444555566660016', 'Crédito', '2030-05-31', 18000.00, 'Ativo', 16),
(17, '4444555566660017', 'Débito', '2028-10-31', NULL, 'Ativo', 17),
(18, '4444555566660018', 'Crédito', '2029-07-31', 6000.00, 'Ativo', 18),
(19, '4444555566660019', 'Débito', '2030-12-31', NULL, 'Bloqueado', 19),
(20, '4444555566660020', 'Crédito', '2028-06-30', 11000.00, 'Ativo', 20),
(21, '4444555566660021', 'Crédito', '2029-03-31', 5500.00, 'Ativo', 21),
(22, '4444555566660022', 'Débito', '2030-08-31', NULL, 'Ativo', 22),
(23, '4444555566660023', 'Crédito', '2028-09-30', 3000.00, 'Ativo', 23),
(24, '4444555566660024', 'Débito', '2029-05-31', NULL, 'Ativo', 24),
(25, '4444555566660025', 'Crédito', '2030-02-28', 14000.00, 'Ativo', 25),
(26, '4444555566660026', 'Débito', '2028-01-31', NULL, 'Ativo', 26),
(27, '4444555566660027', 'Crédito', '2029-11-30', 7000.00, 'Ativo', 27),
(28, '4444555566660028', 'Débito', '2030-06-30', NULL, 'Ativo', 28),
(29, '4444555566660029', 'Crédito', '2028-03-31', 2000.00, 'Bloqueado', 29),
(30, '4444555566660030', 'Débito', '2029-12-31', NULL, 'Ativo', 30),
(31, '4444555566660031', 'Crédito', '2030-07-31', 16000.00, 'Ativo', 31),
(32, '4444555566660032', 'Débito', '2028-08-31', NULL, 'Ativo', 32),
(33, '4444555566660033', 'Crédito', '2029-04-30', 4500.00, 'Ativo', 33),
(34, '4444555566660034', 'Débito', '2030-01-31', NULL, 'Ativo', 34),
(35, '4444555566660035', 'Crédito', '2028-12-31', 10000.00, 'Ativo', 35),
(36, '4444555566660036', 'Débito', '2029-09-30', NULL, 'Ativo', 36),
(37, '4444555566660037', 'Crédito', '2030-04-30', 3500.00, 'Ativo', 37),
(38, '4444555566660038', 'Débito', '2028-02-28', NULL, 'Ativo', 38),
(39, '4444555566660039', 'Crédito', '2029-10-31', 8000.00, 'Bloqueado', 39),
(40, '4444555566660040', 'Débito', '2030-11-30', NULL, 'Ativo', 40),
(41, '4444555566660041', 'Crédito', '2028-05-31', 13000.00, 'Ativo', 41),
(42, '4444555566660042', 'Débito', '2029-08-31', NULL, 'Ativo', 42),
(43, '4444555566660043', 'Crédito', '2030-03-31', 5000.00, 'Ativo', 43),
(44, '4444555566660044', 'Débito', '2028-06-30', NULL, 'Ativo', 44),
(45, '4444555566660045', 'Crédito', '2029-02-28', 17000.00, 'Ativo', 45),
(46, '4444555566660046', 'Débito', '2030-09-30', NULL, 'Ativo', 46),
(47, '4444555566660047', 'Crédito', '2028-11-30', 6500.00, 'Ativo', 47),
(48, '4444555566660048', 'Débito', '2029-06-30', NULL, 'Ativo', 48),
(49, '4444555566660049', 'Crédito', '2030-08-31', 1900.00, 'Bloqueado', 49),
(50, '4444555566660050', 'Débito', '2028-04-30', NULL, 'Ativo', 50);

CREATE TABLE IF NOT EXISTS Faturas (
	id_fatura INT PRIMARY KEY AUTO_INCREMENT,
	data_vencimento DATE NOT NULL,
	valor_total DECIMAL(10, 2) NOT NULL,
	status ENUM('Aberta', 'Paga', 'Vencida') NOT NULL,
	id_cartao INT,
	FOREIGN KEY (id_cartao) REFERENCES Cartoes(id_cartao)
);
INSERT INTO Faturas (data_vencimento, valor_total, status, id_cartao) VALUES
('2025-09-10', 1250.45, 'Aberta', 1),
('2025-09-12', 340.00, 'Paga', 3),
('2025-09-15', 875.90, 'Aberta', 5),
('2025-09-10', 123.50, 'Aberta', 7),
('2025-08-15', 540.80, 'Vencida', 9),
('2025-09-18', 2450.00, 'Aberta', 11),
('2025-09-10', 432.10, 'Paga', 13),
('2025-09-12', 1780.25, 'Aberta', 15),
('2025-09-15', 650.00, 'Aberta', 17),
('2025-09-10', 95.80, 'Aberta', 19),
('2025-09-18', 3100.00, 'Aberta', 21),
('2025-09-10', 780.50, 'Paga', 23),
('2025-09-12', 1245.30, 'Aberta', 25),
('2025-09-15', 215.75, 'Aberta', 27),
('2025-08-15', 880.00, 'Vencida', 29),
('2025-09-10', 1980.60, 'Aberta', 31),
('2025-09-18', 550.00, 'Aberta', 33),
('2025-09-10', 2100.90, 'Paga', 35),
('2025-09-12', 330.20, 'Aberta', 37),
('2025-09-15', 120.00, 'Aberta', 39),
('2025-09-10', 4500.00, 'Aberta', 41),
('2025-09-18', 990.80, 'Aberta', 43),
('2025-09-10', 1650.40, 'Paga', 45),
('2025-09-12', 128.90, 'Aberta', 47),
('2025-09-15', 75.50, 'Aberta', 49);

CREATE TABLE IF NOT EXISTS Transacoes (
	id_transacao INT PRIMARY KEY AUTO_INCREMENT,
	tipo ENUM('Depósito', 'Saque', 'Transferência', 'Pagamento') NOT NULL,
	valor DECIMAL(15, 2) NOT NULL,
	data_hora DATETIME NOT NULL,
	id_conta_origem INT,
	id_conta_destino INT,
	FOREIGN KEY (id_conta_origem) REFERENCES Contas(id_conta),
	FOREIGN KEY (id_conta_destino) REFERENCES Contas(id_conta)
);
INSERT INTO Transacoes (tipo, valor, data_hora, id_conta_origem, id_conta_destino) VALUES
('Transferência', 350.50, '2025-08-25 10:15:00', 1, 10),
('Transferência', 1200.00, '2025-08-24 11:30:00', 50, 50),
('Transferência', 75.20, '2025-08-23 09:45:00', 25, 25),
('Transferência', 500.00, '2025-08-22 14:00:00', 12, 13),
('Depósito', 2000.00, '2025-08-25 09:00:00', NULL, 6),
('Depósito', 150.00, '2025-08-24 14:20:00', NULL, 16),
('Depósito', 300.50, '2025-08-23 11:00:00', NULL, 26),
('Saque', 100.00, '2025-08-25 18:00:00', 8, NULL),
('Saque', 50.00, '2025-08-24 19:00:00', 18, NULL),
('Saque', 300.00, '2025-08-23 20:00:00', 28, NULL),
('Pagamento', 78.50, '2025-08-25 12:00:00', 4, NULL),
('Pagamento', 123.00, '2025-08-24 13:00:00', 14, NULL),
('Pagamento', 45.90, '2025-08-23 14:00:00', 24, NULL),
('Transferência', 880.90, '2025-08-21 16:20:00', 33, 38),
('Transferência', 45.00, '2025-08-20 07:55:00', 49, 1),
('Depósito', 5000.00, '2025-08-22 10:00:00', NULL, 36),
('Saque', 1000.00, '2025-08-22 21:00:00', 38, NULL);

CREATE TABLE IF NOT EXISTS Beneficiarios (
	id_beneficiario INT PRIMARY KEY AUTO_INCREMENT,
	nome_favorecido VARCHAR(255) NOT NULL,
	cpf_cnpj_favorecido VARCHAR(14) NOT NULL,
	banco VARCHAR(100),
	agencia VARCHAR(20),
	conta VARCHAR(20),
	id_cliente_proprietario INT,
	FOREIGN KEY (id_cliente_proprietario) REFERENCES Clientes(id_cliente)
);
INSERT INTO Beneficiarios (nome_favorecido, cpf_cnpj_favorecido, banco, agencia, conta, id_cliente_proprietario) VALUES
('Maria Oliveira Souza', '22233344402', 'SysBank', '10002-2', '10002-2', 1),
('Empresa de Energia Elétrica S.A.', '12345678000199', 'Banco X', '0001', '98765-4', 2),
('Carlos Santos Pereira', '55566677705', 'SysBank', '10005-5', '10005-5', 3),
('Serviço de Internet Ltda', '98765432000100', 'Banco Y', '1234', '56789-0', 4),
('João da Silva Oliveira', '11122233301', 'SysBank', '10001-1', '10001-1', 5),
('Plano de Saúde Vida Feliz', '87654321000111', 'Banco Z', '4321', '11223-3', 6),
('Ricardo Lima Gomes', '99900011109', 'SysBank', '10009-9', '10009-9', 7),
('Condomínio Edifício Central', '11223344000155', 'Banco A', '5555', '44455-6', 8),
('Pedro Souza Costa', '33344455503', 'SysBank', '10003-3', '10003-3', 9),
('Escola Aprender Mais', '22334455000166', 'Banco B', '6666', '77788-9', 10),
('Ana Costa Santos', '44455566604', 'SysBank', '10004-4', '10004-4', 11),
('Academia Corpo em Movimento', '33445566000177', 'Banco C', '7777', '11122-3', 12),
('Sofia Pereira Alves', '66677788806', 'SysBank', '10006-6', '10006-6', 13),
('Supermercado Preço Bom', '44556677000188', 'Banco D', '8888', '44455-6', 14),
('Lucas Alves Mendes', '77788899907', 'SysBank', '10007-7', '10007-7', 15),
('Universidade Saber', '55667788000199', 'Banco E', '9999', '77788-9', 16),
('Beatriz Mendes Lima', '88899900008', 'SysBank', '10008-8', '10008-8', 17),
('TV a Cabo Visão Total', '66778899000100', 'Banco F', '1010', '11122-3', 18),
('Fernanda Gomes Rocha', '10110110110', 'SysBank', '10010-0', '10010-0', 19),
('Farmácia Saúde Já', '77889900000111', 'Banco G', '2020', '44455-6', 20),
('André Rocha Dias', '11211211211', 'SysBank', '10011-1', '10011-1', 21),
('Juliana Dias Barbosa', '12312312312', 'SysBank', '10012-2', '10012-2', 22),
('Empresa de Gás Natural', '88990011000122', 'Banco H', '3030', '77788-9', 23),
('Marcos Barbosa Freitas', '13413413413', 'SysBank', '10013-3', '10013-3', 24),
('Paula Freitas Ribeiro', '14514514514', 'SysBank', '10014-4', '10014-4', 25),
('Empresa de Telefonia S.A.', '99001122000133', 'Banco I', '4040', '11122-3', 26),
('Gustavo Ribeiro Azevedo', '15615615615', 'SysBank', '10015-5', '10015-5', 27),
('Vanessa Azevedo Nogueira', '16716716716', 'SysBank', '10016-6', '10016-6', 28),
('Clube Recreativo Sol Nascente', '11223344000144', 'Banco J', '5050', '44455-6', 29),
('Leandro Nogueira Pinto', '17817817817', 'SysBank', '10017-7', '10017-7', 30),
('Camila Pinto Carvalho', '18918918918', 'SysBank', '10018-8', '10018-8', 31),
('Seguradora Proteção Total', '22334455000155', 'Banco K', '6060', '77788-9', 32),
('Thiago Carvalho Barros', '20120120119', 'SysBank', '10019-9', '10019-9', 33),
('Letícia Barros Castro', '21221221220', 'SysBank', '10020-0', '10020-0', 34),
('Oficina Mecânica Irmãos Silva', '33445566000166', 'Banco L', '7070', '11122-3', 35),
('Felipe Castro Melo', '22322322321', 'SysBank', '10021-1', '10021-1', 36),
('Gabriela Melo Ferreira', '23423423422', 'SysBank', '10022-2', '10022-2', 37),
('Pet Shop Amigo Fiel', '44556677000177', 'Banco M', '8080', '44455-6', 38),
('Daniel Ferreira Correia', '24524524523', 'SysBank', '10023-3', '10023-3', 39),
('Laura Correia Monteiro', '25625625624', 'SysBank', '10024-4', '10024-4', 40),
('Livraria & Papelaria Saber', '55667788000188', 'Banco N', '9090', '77788-9', 41),
('Bruno Monteiro Teixeira', '26726726725', 'SysBank', '10025-5', '10025-5', 42),
('Mariana Teixeira Fernandes', '27827827826', 'SysBank', '10026-6', '10026-6', 43),
('Restaurante Sabor da Terra', '66778899000199', 'Banco O', '1111', '11122-3', 44),
('Vinícius Fernandes Dantas', '28928928927', 'SysBank', '10027-7', '10027-7', 45),
('Aline Dantas Ramos', '30130130128', 'SysBank', '10028-8', '10028-8', 46),
('Clínica Veterinária Patas e Pelos', '77889900000100', 'Banco P', '2222', '44455-6', 47),
('Eduardo Ramos Cavalcanti', '31231231229', 'SysBank', '10029-9', '10029-9', 48),
('Patrícia Cavalcanti Farias', '32332332330', 'SysBank', '10030-0', '10030-0', 49),
('Construtora Lar Forte', '88990011000111', 'Banco Q', '3333', '77788-9', 50);

CREATE TABLE IF NOT EXISTS Emprestimos (
	id_emprestimo INT PRIMARY KEY AUTO_INCREMENT,
	valor_total DECIMAL(15, 2) NOT NULL,
	taxa_juros DECIMAL(5, 2) NOT NULL,
	numero_parcelas INT NOT NULL,
	data_solicitacao DATE NOT NULL,
	status ENUM('Em análise', 'Aprovado', 'Rejeitado', 'Quitado') NOT NULL,
	id_cliente INT,
	FOREIGN KEY (id_cliente) REFERENCES Clientes(id_cliente)
);
INSERT INTO Emprestimos (valor_total, taxa_juros, numero_parcelas, data_solicitacao, status, id_cliente) VALUES
(25000.00, 2.50, 36, '2024-01-15', 'Quitado', 1),
(8000.00, 3.10, 12, '2025-05-20', 'Aprovado', 2),
(15000.00, 2.80, 24, '2023-11-10', 'Quitado', 3),
(30000.00, 2.20, 48, '2024-08-01', 'Aprovado', 4),
(7500.00, 4.50, 18, '2025-08-28', 'Em análise', 5),
(12000.00, 2.90, 24, '2023-10-05', 'Quitado', 6),
(45000.00, 1.90, 60, '2025-01-10', 'Aprovado', 7),
(5000.00, 3.80, 12, '2024-05-15', 'Aprovado', 8),
(18000.00, 2.60, 36, '2023-09-20', 'Quitado', 9),
(50000.00, 1.99, 48, '2025-06-01', 'Aprovado', 10),
(9500.00, 4.20, 18, '2024-03-12', 'Aprovado', 11),
(22000.00, 2.40, 36, '2025-04-25', 'Aprovado', 12),
(6000.00, 3.90, 12, '2023-12-08', 'Quitado', 13),
(17500.00, 2.75, 24, '2025-09-01', 'Em análise', 14),
(35000.00, 2.10, 60, '2025-08-20', 'Aprovado', 15),
(11000.00, 3.30, 24, '2024-02-18', 'Aprovado', 16),
(4000.00, 5.10, 12, '2025-07-30', 'Aprovado', 17),
(19000.00, 2.55, 36, '2023-08-14', 'Quitado', 18),
(28000.00, 2.30, 48, '2024-11-22', 'Aprovado', 19),
(10000.00, 3.00, 18, '2025-03-05', 'Aprovado', 20),
(13000.00, 2.85, 24, '2024-04-09', 'Aprovado', 21),
(7000.00, 4.80, 12, '2025-01-20', 'Rejeitado', 22),
(20000.00, 2.45, 36, '2023-07-19', 'Quitado', 23),
(32000.00, 2.15, 60, '2024-09-27', 'Aprovado', 24),
(8500.00, 4.30, 18, '2025-07-11', 'Aprovado', 25),
(14000.00, 2.95, 24, '2024-06-14', 'Aprovado', 26),
(48000.00, 1.80, 60, '2025-02-17', 'Aprovado', 27),
(5500.00, 4.10, 12, '2023-10-30', 'Quitado', 28),
(23000.00, 2.35, 36, '2024-07-23', 'Aprovado', 29),
(16000.00, 2.65, 24, '2025-08-08', 'Em análise', 30);

CREATE TABLE IF NOT EXISTS ParcelasDoEmprestimo (
	id_parcela INT AUTO_INCREMENT PRIMARY KEY,
	numero_parcela INT NOT NULL,
	valor DECIMAL(10, 2) NOT NULL,
	data_vencimento DATE NOT NULL,
	data_pagamento DATE,
	id_emprestimo INT,
	FOREIGN KEY (id_emprestimo) REFERENCES Emprestimos(id_emprestimo)
);
INSERT INTO ParcelasDoEmprestimo (id_emprestimo, numero_parcela, valor, data_vencimento, data_pagamento) VALUES
(1, 1, 694.44, '2024-02-15', '2024-02-14'), (1, 2, 694.44, '2024-03-15', '2024-03-15'), (1, 3, 694.44, '2024-04-15', '2024-04-13'), (1, 4, 694.44, '2024-05-15', '2024-05-15'), (1, 5, 694.44, '2024-06-15', '2024-06-15'),
(2, 1, 666.67, '2025-06-20', '2025-06-20'), (2, 2, 666.67, '2025-07-20', '2025-07-19'), (2, 3, 666.67, '2025-08-20', NULL), (2, 4, 666.67, '2025-09-20', NULL), (2, 5, 666.67, '2025-10-20', NULL),
(3, 1, 625.00, '2023-12-10', '2023-12-10'), (3, 2, 625.00, '2024-01-10', '2024-01-09'), (3, 3, 625.00, '2024-02-10', '2024-02-10'), (3, 4, 625.00, '2024-03-10', '2024-03-10'), (3, 5, 625.00, '2024-04-10', '2024-04-08'),
(4, 1, 625.00, '2024-09-01', '2024-08-30'), (4, 2, 625.00, '2024-10-01', NULL), (4, 3, 625.00, '2024-11-01', NULL), (4, 4, 625.00, '2024-12-01', NULL), (4, 5, 625.00, '2025-01-01', NULL),
(5, 1, 416.67, '2025-03-28', NULL), (5, 2, 416.67, '2025-04-28', NULL), (5, 3, 416.67, '2025-05-28', NULL), (5, 4, 416.67, '2025-06-28', NULL), (5, 5, 416.67, '2025-07-28', NULL),
(6, 1, 500.00, '2023-11-05', '2023-11-05'), (6, 2, 500.00, '2023-12-05', '2023-12-04'), (6, 3, 500.00, '2024-01-05', '2024-01-05'), (6, 4, 500.00, '2024-02-05', '2024-02-05'), (6, 5, 500.00, '2024-03-05', '2024-03-04'),
(7, 1, 416.67, '2025-02-10', '2025-02-10'), (7, 2, 416.67, '2025-03-10', NULL), (7, 3, 416.67, '2025-04-10', NULL), (7, 4, 416.67, '2025-05-10', NULL), (7, 5, 416.67, '2025-06-10', NULL),
(8, 1, 416.67, '2024-06-15', '2024-06-14'), (8, 2, 416.67, '2024-07-15', '2024-07-15'), (8, 3, 416.67, '2024-08-15', '2024-08-15'), (8, 4, 416.67, '2024-09-15', NULL), (8, 5, 416.67, '2024-10-15', NULL),
(9, 1, 500.00, '2023-10-20', '2023-10-20'), (9, 2, 500.00, '2023-11-20', '2023-11-20'), (9, 3, 500.00, '2023-12-20', '2023-12-19'), (9, 4, 500.00, '2024-01-20', '2024-01-20'), (9, 5, 500.00, '2024-02-20', '2024-02-19'),
(10, 1, 833.33, '2025-07-01', '2025-07-01'), (10, 2, 833.33, '2025-08-01', NULL), (10, 3, 833.33, '2025-09-01', NULL), (10, 4, 833.33, '2025-10-01', NULL), (10, 5, 833.33, '2025-11-01', NULL),
(11, 1, 527.78, '2024-04-12', '2024-04-12'), (11, 2, 527.78, '2024-05-12', '2024-05-11'), (11, 3, 527.78, '2024-06-12', NULL), (11, 4, 527.78, '2024-07-12', NULL), (11, 5, 527.78, '2024-08-12', NULL),
(12, 1, 611.11, '2025-05-25', '2025-05-25'), (12, 2, 611.11, '2025-06-25', NULL), (12, 3, 611.11, '2025-07-25', NULL), (12, 4, 611.11, '2025-08-25', NULL), (12, 5, 611.11, '2025-09-25', NULL),
(13, 1, 500.00, '2024-01-08', '2024-01-08'), (13, 2, 500.00, '2024-02-08', '2024-02-07'), (13, 3, 500.00, '2024-03-08', '2024-03-08'), (13, 4, 500.00, '2024-04-08', '2024-04-08'), (13, 5, 500.00, '2024-05-08', '2024-05-07'),
(14, 1, 729.17, '2025-10-01', NULL), (14, 2, 729.17, '2025-11-01', NULL), (14, 3, 729.17, '2025-12-01', NULL), (14, 4, 729.17, '2026-01-01', NULL), (14, 5, 729.17, '2026-02-01', NULL),
(15, 1, 583.33, '2025-09-20', '2025-09-19'), (15, 2, 583.33, '2025-10-20', NULL), (15, 3, 583.33, '2025-11-20', NULL), (15, 4, 583.33, '2025-12-20', NULL), (15, 5, 583.33, '2026-01-20', NULL),
(16, 1, 458.33, '2024-03-18', '2024-03-18'), (16, 2, 458.33, '2024-04-18', '2024-04-17'), (16, 3, 458.33, '2024-05-18', '2024-05-18'), (16, 4, 458.33, '2024-06-18', NULL), (16, 5, 458.33, '2024-07-18', NULL),
(17, 1, 333.33, '2025-08-30', NULL), (17, 2, 333.33, '2025-09-30', NULL), (17, 3, 333.33, '2025-10-30', NULL), (17, 4, 333.33, '2025-11-30', NULL), (17, 5, 333.33, '2025-12-30', NULL),
(18, 1, 527.78, '2023-09-14', '2023-09-14'), (18, 2, 527.78, '2023-10-14', '2023-10-13'), (18, 3, 527.78, '2023-11-14', '2023-11-14'), (18, 4, 527.78, '2023-12-14', '2023-12-14'), (18, 5, 527.78, '2024-01-14', '2024-01-12'),
(19, 1, 583.33, '2024-12-22', NULL), (19, 2, 583.33, '2025-01-22', NULL), (19, 3, 583.33, '2025-02-22', NULL), (19, 4, 583.33, '2025-03-22', NULL), (19, 5, 583.33, '2025-04-22', NULL),
(20, 1, 555.56, '2025-04-05', '2025-04-05'), (20, 2, 555.56, '2025-05-05', NULL), (20, 3, 555.56, '2025-06-05', NULL), (20, 4, 555.56, '2025-07-05', NULL), (20, 5, 555.56, '2025-08-05', NULL),
(21, 1, 541.67, '2024-05-09', '2024-05-09'), (21, 2, 541.67, '2024-06-09', '2024-06-08'), (21, 3, 541.67, '2024-07-09', NULL), (21, 4, 541.67, '2024-08-09', NULL), (21, 5, 541.67, '2024-09-09', NULL),
(22, 1, 583.33, '2025-02-20', NULL), (22, 2, 583.33, '2025-03-20', NULL), (22, 3, 583.33, '2025-04-20', NULL), (22, 4, 583.33, '2025-05-20', NULL), (22, 5, 583.33, '2025-06-20', NULL),
(23, 1, 555.56, '2023-08-19', '2023-08-19'), (23, 2, 555.56, '2023-09-19', '2023-09-19'), (23, 3, 555.56, '2023-10-19', '2023-10-18'), (23, 4, 555.56, '2023-11-19', '2023-11-19'), (23, 5, 555.56, '2023-12-19', '2023-12-19'),
(24, 1, 533.33, '2024-10-27', NULL), (24, 2, 533.33, '2024-11-27', NULL), (24, 3, 533.33, '2024-12-27', NULL), (24, 4, 533.33, '2025-01-27', NULL), (24, 5, 533.33, '2025-02-27', NULL),
(25, 1, 472.22, '2025-08-11', NULL), (25, 2, 472.22, '2025-09-11', NULL), (25, 3, 472.22, '2025-10-11', NULL), (25, 4, 472.22, '2025-11-11', NULL), (25, 5, 472.22, '2025-12-11', NULL),
(26, 1, 583.33, '2024-07-14', '2024-07-14'), (26, 2, 583.33, '2024-08-14', NULL), (26, 3, 583.33, '2024-09-14', NULL), (26, 4, 583.33, '2024-10-14', NULL), (26, 5, 583.33, '2024-11-14', NULL),
(27, 1, 800.00, '2025-03-17', NULL), (27, 2, 800.00, '2025-04-17', NULL), (27, 3, 800.00, '2025-05-17', NULL), (27, 4, 800.00, '2025-06-17', NULL), (27, 5, 800.00, '2025-07-17', NULL),
(28, 1, 458.33, '2023-11-30', '2023-11-30'), (28, 2, 458.33, '2023-12-30', '2023-12-29'), (28, 3, 458.33, '2024-01-30', '2024-01-30'), (28, 4, 458.33, '2024-02-29', '2024-02-28'), (28, 5, 458.33, '2024-03-30', '2024-03-30'),
(29, 1, 638.89, '2024-08-23', '2024-08-23'), (29, 2, 638.89, '2024-09-23', NULL), (29, 3, 638.89, '2024-10-23', NULL), (29, 4, 638.89, '2024-11-23', NULL), (29, 5, 638.89, '2024-12-23', NULL),
(30, 1, 666.67, '2025-09-08', NULL), (30, 2, 666.67, '2025-10-08', NULL), (30, 3, 666.67, '2025-11-08', NULL), (30, 4, 666.67, '2025-12-08', NULL), (30, 5, 666.67, '2026-01-08', NULL);

CREATE TABLE IF NOT EXISTS Investimentos (
	id_investimento INT PRIMARY KEY AUTO_INCREMENT,
	tipo_produto VARCHAR(100) NOT NULL,
	valor_aplicado DECIMAL(15, 2) NOT NULL,
	data_aplicacao DATE NOT NULL,
	rentabilidade DECIMAL(5, 2),
	id_cliente INT,
	FOREIGN KEY (id_cliente) REFERENCES Clientes(id_cliente)
);
INSERT INTO Investimentos (tipo_produto, valor_aplicado, data_aplicacao, rentabilidade, id_cliente) VALUES
('CDB Pós-fixado 110% CDI', 25000.00, '2023-06-30', 12.50, 1),
('Tesouro Selic 2029', 8000.00, '2024-02-10', 11.80, 2),
('Fundo de Ações Ibovespa', 12000.00, '2023-09-01', 15.20, 3),
('LCI 90 dias', 50000.00, '2025-07-20', 10.50, 4),
('Tesouro IPCA+ 2035', 10000.00, '2024-11-05', 9.80, 5),
('Fundo Multimercado Balanceado', 15000.00, '2022-10-15', 13.40, 6),
('CRI (Certificado de Recebíveis Imobiliários)', 30000.00, '2024-05-22', 14.00, 7),
('CDB Pós-fixado 110% CDI', 5000.00, '2025-01-30', 12.50, 8),
('Tesouro Selic 2029', 22000.00, '2023-12-12', 11.80, 9),
('Fundo de Ações Ibovespa', 18000.00, '2024-08-19', 15.20, 10),
('LCI 90 dias', 40000.00, '2025-03-03', 10.50, 11),
('Tesouro IPCA+ 2035', 7500.00, '2022-11-28', 9.80, 12),
('Fundo Multimercado Balanceado', 20000.00, '2024-01-18', 13.40, 13),
('CRI (Certificado de Recebíveis Imobiliários)', 28000.00, '2025-06-11', 14.00, 14),
('CDB Pós-fixado 110% CDI', 12500.00, '2023-07-25', 12.50, 15),
('Tesouro Selic 2029', 16000.00, '2024-04-01', 11.80, 16),
('Fundo de Ações Ibovespa', 9000.00, '2022-09-09', 15.20, 17),
('LCI 90 dias', 60000.00, '2025-02-14', 10.50, 18),
('Tesouro IPCA+ 2035', 13000.00, '2023-10-02', 9.80, 19),
('Fundo Multimercado Balanceado', 17000.00, '2024-06-28', 13.40, 20),
('CRI (Certificado de Recebíveis Imobiliários)', 32000.00, '2025-08-05', 14.00, 21),
('CDB Pós-fixado 110% CDI', 8500.00, '2022-12-05', 12.50, 22),
('Tesouro Selic 2029', 19000.00, '2024-03-16', 11.80, 23),
('Fundo de Ações Ibovespa', 21000.00, '2023-11-14', 15.20, 24),
('LCI 90 dias', 45000.00, '2025-04-20', 10.50, 25),
('Tesouro IPCA+ 2035', 11000.00, '2022-08-18', 9.80, 26),
('Fundo Multimercado Balanceado', 23000.00, '2024-02-23', 13.40, 27),
('CRI (Certificado de Recebíveis Imobiliários)', 26000.00, '2025-07-02', 14.00, 28),
('CDB Pós-fixado 110% CDI', 14000.00, '2023-05-10', 12.50, 29),
('Tesouro Selic 2029', 14000.00, '2024-09-17', 11.80, 30),
('Fundo de Ações Ibovespa', 16000.00, '2022-07-07', 15.20, 31),
('LCI 90 dias', 70000.00, '2025-01-08', 10.50, 32),
('Tesouro IPCA+ 2035', 15000.00, '2023-04-13', 9.80, 33),
('Fundo Multimercado Balanceado', 19000.00, '2024-07-29', 13.40, 34),
('CRI (Certificado de Recebíveis Imobiliários)', 35000.00, '2025-05-14', 14.00, 35),
('CDB Pós-fixado 110% CDI', 9500.00, '2022-10-25', 12.50, 36),
('Tesouro Selic 2029', 18000.00, '2024-05-06', 11.80, 37),
('Fundo de Ações Ibovespa', 11000.00, '2023-08-21', 15.20, 38),
('LCI 90 dias', 80000.00, '2025-03-28', 10.50, 39),
('Tesouro IPCA+ 2035', 17000.00, '2022-06-03', 9.80, 40),
('Fundo Multimercado Balanceado', 22000.00, '2024-03-24', 13.40, 41),
('CRI (Certificado de Recebíveis Imobiliários)', 38000.00, '2025-08-12', 14.00, 42),
('CDB Pós-fixado 110% CDI', 6500.00, '2023-09-19', 12.50, 43),
('Tesouro Selic 2029', 24000.00, '2024-10-10', 11.80, 44),
('Fundo de Ações Ibovespa', 13000.00, '2022-05-19', 15.20, 45),
('LCI 90 dias', 90000.00, '2025-06-25', 10.50, 46),
('Tesouro IPCA+ 2035', 19000.00, '2023-03-20', 9.80, 47),
('Fundo Multimercado Balanceado', 24000.00, '2024-08-27', 13.40, 48),
('CRI (Certificado de Recebíveis Imobiliários)', 42000.00, '2025-02-18', 14.00, 49),
('CDB Pós-fixado 110% CDI', 7000.00, '2022-04-14', 12.50, 50);

SELECT * FROM Agencias;
SELECT * FROM Funcionarios;
SELECT * FROM Clientes;
SELECT * FROM Contas;
SELECT * FROM Cartoes;
SELECT * FROM Faturas;
SELECT * FROM Transacoes;
SELECT * FROM Beneficiarios;
SELECT * FROM Emprestimos;
SELECT * FROM ParcelasDoEmprestimo;
SELECT * FROM Investimentos;